0,0,0,0,0,0,0,0,0,0,0,0,0,0,0,0,0,0,0,0,0,0,0,0,0,0,0,0,0,0,0,0,0,0,0,0,0,0,0,0,0,0,0,0,0,0
1,0.63776,0.61561,0.59137,0.58563,0.58682,0.62906,0.64815,0.65882,0.6852,0.71188,0.75179,0.75542,0.73472,0.73872,0.76935,1.2303,1.2431,1.2199,1.1897,1.1832,1.143,1.0832,1.0247,0.97949,0.95738,0.94756,0.94927,0.89136,0.874,0.87095,0.78895,0.74718,0.72074,0.69439,0.69865,0.72337,0.6953,0.72054,0.7707,0.78677,0.83378,0.87667,0.87666,0.90851,0.86092
6,0.58563,0.58682,0.62906,0.64815,0.65882,0.6852,0.71188,0.75179,0.75542,0.73472,0.73872,0.76935,0.76517,0.79077,0.81544,1.1897,1.1832,1.143,1.0832,1.0247,0.97949,0.95738,0.94756,0.94927,0.89136,0.874,0.87095,0.86763,0.85445,0.82556,0.69439,0.69865,0.72337,0.6953,0.72054,0.7707,0.78677,0.83378,0.87667,0.87666,0.90851,0.86092,0.81804,0.78882,0.78654
7,0.64815,0.65882,0.6852,0.71188,0.75179,0.75542,0.73472,0.73872,0.76935,0.76517,0.79077,0.81544,0.8152,0.81492,0.80014,1.0832,1.0247,0.97949,0.95738,0.94756,0.94927,0.89136,0.874,0.87095,0.86763,0.85445,0.82556,0.81349,0.81583,0.79864,0.6953,0.72054,0.7707,0.78677,0.83378,0.87667,0.87666,0.90851,0.86092,0.81804,0.78882,0.78654,0.78017,0.78204,0.76414
0,0.71188,0.75179,0.75542,0.73472,0.73872,0.76935,0.76517,0.79077,0.81544,0.8152,0.81492,0.80014,0.76485,0.69068,0.66009,0.95738,0.94756,0.94927,0.89136,0.874,0.87095,0.86763,0.85445,0.82556,0.81349,0.81583,0.79864,0.79862,0.76143,0.74429,0.78677,0.83378,0.87667,0.87666,0.90851,0.86092,0.81804,0.78882,0.78654,0.78017,0.78204,0.76414,0.78151,0.78236,0.7992
0,0.73472,0.73872,0.76935,0.76517,0.79077,0.81544,0.8152,0.81492,0.80014,0.76485,0.69068,0.66009,0.65418,0.63302,0.6524,0.89136,0.874,0.87095,0.86763,0.85445,0.82556,0.81349,0.81583,0.79864,0.79862,0.76143,0.74429,0.74774,0.75423,0.7685,0.87666,0.90851,0.86092,0.81804,0.78882,0.78654,0.78017,0.78204,0.76414,0.78151,0.78236,0.7992,0.82414,0.86891,0.92239
0,0.76517,0.79077,0.81544,0.8152,0.81492,0.80014,0.76485,0.69068,0.66009,0.65418,0.63302,0.6524,0.67613,0.70367,0.72272,0.86763,0.85445,0.82556,0.81349,0.81583,0.79864,0.79862,0.76143,0.74429,0.74774,0.75423,0.7685,0.79285,0.81957,0.83795,0.81804,0.78882,0.78654,0.78017,0.78204,0.76414,0.78151,0.78236,0.7992,0.82414,0.86891,0.92239,0.96141,0.9848,1.0026
0,0.8152,0.81492,0.80014,0.76485,0.69068,0.66009,0.65418,0.63302,0.6524,0.67613,0.70367,0.72272,0.73649,0.78744,0.85227,0.81349,0.81583,0.79864,0.79862,0.76143,0.74429,0.74774,0.75423,0.7685,0.79285,0.81957,0.83795,0.85128,0.90172,0.96597,0.78017,0.78204,0.76414,0.78151,0.78236,0.7992,0.82414,0.86891,0.92239,0.96141,0.9848,1.0026,1.0152,1.065,1.1284
7,0.76485,0.69068,0.66009,0.65418,0.63302,0.6524,0.67613,0.70367,0.72272,0.73649,0.78744,0.85227,0.88034,0.88952,0.8902,0.79862,0.76143,0.74429,0.74774,0.75423,0.7685,0.79285,0.81957,0.83795,0.85128,0.90172,0.96597,0.9937,1.0027,1.0028,0.78151,0.78236,0.7992,0.82414,0.86891,0.92239,0.96141,0.9848,1.0026,1.0152,1.065,1.1284,1.1556,1.1644,1.1636
0,0.65418,0.63302,0.6524,0.67613,0.70367,0.72272,0.73649,0.78744,0.85227,0.88034,0.88952,0.8902,0.9034,0.89959,0.904,0.74774,0.75423,0.7685,0.79285,0.81957,0.83795,0.85128,0.90172,0.96597,0.9937,1.0027,1.0028,1.0149,1.01,1.0139,0.82414,0.86891,0.92239,0.96141,0.9848,1.0026,1.0152,1.065,1.1284,1.1556,1.1644,1.1636,1.1742,1.1679,1.1705
7,0.67613,0.70367,0.72272,0.73649,0.78744,0.85227,0.88034,0.88952,0.8902,0.9034,0.89959,0.904,0.91625,0.91413,0.89755,0.79285,0.81957,0.83795,0.85128,0.90172,0.96597,0.9937,1.0027,1.0028,1.0149,1.01,1.0139,1.0245,1.022,0.95681,0.96141,0.9848,1.0026,1.0152,1.065,1.1284,1.1556,1.1644,1.1636,1.1742,1.1679,1.1705,1.1798,1.1768,1.0952
0,0.73649,0.78744,0.85227,0.88034,0.88952,0.8902,0.9034,0.89959,0.904,0.91625,0.91413,0.89755,0.89666,0.8775,0.866,0.85128,0.90172,0.96597,0.9937,1.0027,1.0028,1.0149,1.01,1.0139,1.0245,1.022,0.95681,0.95936,0.94159,0.91375,1.0152,1.065,1.1284,1.1556,1.1644,1.1636,1.1742,1.1679,1.1705,1.1798,1.1768,1.0952,1.0998,1.0776,1.0738
7,0.88034,0.88952,0.8902,0.9034,0.89959,0.904,0.91625,0.91413,0.89755,0.89666,0.8775,0.866,0.87638,0.94034,1.0001,0.9937,1.0027,1.0028,1.0149,1.01,1.0139,1.0245,1.022,0.95681,0.95936,0.94159,0.91375,0.9094,0.93979,0.98475,1.1556,1.1644,1.1636,1.1742,1.1679,1.1705,1.1798,1.1768,1.0952,1.0998,1.0776,1.0738,1.0967,1.1416,1.221
0,0.9034,0.89959,0.904,0.91625,0.91413,0.89755,0.89666,0.8775,0.866,0.87638,0.94034,1.0001,1.0143,1.0266,1.0705,1.0149,1.01,1.0139,1.0245,1.022,0.95681,0.95936,0.94159,0.91375,0.9094,0.93979,0.98475,0.97375,0.95213,0.94795,1.1742,1.1679,1.1705,1.1798,1.1768,1.0952,1.0998,1.0776,1.0738,1.0967,1.1416,1.221,1.2547,1.2834,1.3126
7,0.91625,0.91413,0.89755,0.89666,0.8775,0.866,0.87638,0.94034,1.0001,1.0143,1.0266,1.0705,1.0812,1.095,1.1115,1.0245,1.022,0.95681,0.95936,0.94159,0.91375,0.9094,0.93979,0.98475,0.97375,0.95213,0.94795,0.94425,0.94091,0.94321,1.1798,1.1768,1.0952,1.0998,1.0776,1.0738,1.0967,1.1416,1.221,1.2547,1.2834,1.3126,1.3503,1.3555,1.3915
0,0.89666,0.8775,0.866,0.87638,0.94034,1.0001,1.0143,1.0266,1.0705,1.0812,1.095,1.1115,1.0975,1.031,0.96842,0.95936,0.94159,0.91375,0.9094,0.93979,0.98475,0.97375,0.95213,0.94795,0.94425,0.94091,0.94321,0.95647,0.98277,0.9919,1.0998,1.0776,1.0738,1.0967,1.1416,1.221,1.2547,1.2834,1.3126,1.3503,1.3555,1.3915,1.4231,1.4786,1.5387
7,0.87638,0.94034,1.0001,1.0143,1.0266,1.0705,1.0812,1.095,1.1115,1.0975,1.031,0.96842,0.95655,0.92357,0.9022,0.9094,0.93979,0.98475,0.97375,0.95213,0.94795,0.94425,0.94091,0.94321,0.95647,0.98277,0.9919,0.9848,0.97976,0.97517,1.0967,1.1416,1.221,1.2547,1.2834,1.3126,1.3503,1.3555,1.3915,1.4231,1.4786,1.5387,1.5455,1.5356,1.5292
0,1.0143,1.0266,1.0705,1.0812,1.095,1.1115,1.0975,1.031,0.96842,0.95655,0.92357,0.9022,0.88378,0.87647,0.83395,0.97375,0.95213,0.94795,0.94425,0.94091,0.94321,0.95647,0.98277,0.9919,0.9848,0.97976,0.97517,0.95535,0.95449,0.93865,1.2547,1.2834,1.3126,1.3503,1.3555,1.3915,1.4231,1.4786,1.5387,1.5455,1.5356,1.5292,1.5362,1.5372,1.5448
7,1.0812,1.095,1.1115,1.0975,1.031,0.96842,0.95655,0.92357,0.9022,0.88378,0.87647,0.83395,0.8016,0.78413,0.80839,0.94425,0.94091,0.94321,0.95647,0.98277,0.9919,0.9848,0.97976,0.97517,0.95535,0.95449,0.93865,0.89882,0.90411,0.92993,1.3503,1.3555,1.3915,1.4231,1.4786,1.5387,1.5455,1.5356,1.5292,1.5362,1.5372,1.5448,1.5205,1.5311,1.5825
0,1.0975,1.031,0.96842,0.95655,0.92357,0.9022,0.88378,0.87647,0.83395,0.8016,0.78413,0.80839,0.85724,0.90156,0.8997,0.95647,0.98277,0.9919,0.9848,0.97976,0.97517,0.95535,0.95449,0.93865,0.89882,0.90411,0.92993,0.97431,0.99097,0.98516,1.4231,1.4786,1.5387,1.5455,1.5356,1.5292,1.5362,1.5372,1.5448,1.5205,1.5311,1.5825,1.6389,1.6773,1.6707
5,0.95655,0.92357,0.9022,0.88378,0.87647,0.83395,0.8016,0.78413,0.80839,0.85724,0.90156,0.8997,0.88621,0.96745,0.97043,0.9848,0.97976,0.97517,0.95535,0.95449,0.93865,0.89882,0.90411,0.92993,0.97431,0.99097,0.98516,0.98317,1.0209,1.0512,1.5455,1.5356,1.5292,1.5362,1.5372,1.5448,1.5205,1.5311,1.5825,1.6389,1.6773,1.6707,1.6355,1.6471,1.6379
7,0.88378,0.87647,0.83395,0.8016,0.78413,0.80839,0.85724,0.90156,0.8997,0.88621,0.96745,0.97043,0.99869,1.0335,1.0316,0.95535,0.95449,0.93865,0.89882,0.90411,0.92993,0.97431,0.99097,0.98516,0.98317,1.0209,1.0512,1.0993,1.1301,1.1327,1.5362,1.5372,1.5448,1.5205,1.5311,1.5825,1.6389,1.6773,1.6707,1.6355,1.6471,1.6379,1.6872,1.7317,1.7523
5,0.8016,0.78413,0.80839,0.85724,0.90156,0.8997,0.88621,0.96745,0.97043,0.99869,1.0335,1.0316,1.0398,1.0282,1.0094,0.89882,0.90411,0.92993,0.97431,0.99097,0.98516,0.98317,1.0209,1.0512,1.0993,1.1301,1.1327,1.1151,1.0984,1.0524,1.5205,1.5311,1.5825,1.6389,1.6773,1.6707,1.6355,1.6471,1.6379,1.6872,1.7317,1.7523,1.7047,1.6794,1.621
3,0.85724,0.90156,0.8997,0.88621,0.96745,0.97043,0.99869,1.0335,1.0316,1.0398,1.0282,1.0094,1.0218,1.03,1.0284,0.97431,0.99097,0.98516,0.98317,1.0209,1.0512,1.0993,1.1301,1.1327,1.1151,1.0984,1.0524,1.0482,1.028,1.0031,1.6389,1.6773,1.6707,1.6355,1.6471,1.6379,1.6872,1.7317,1.7523,1.7047,1.6794,1.621,1.5711,1.5142,1.4359
3,0.88621,0.96745,0.97043,0.99869,1.0335,1.0316,1.0398,1.0282,1.0094,1.0218,1.03,1.0284,1.0369,1.0344,1.067,0.98317,1.0209,1.0512,1.0993,1.1301,1.1327,1.1151,1.0984,1.0524,1.0482,1.028,1.0031,0.95466,0.93033,0.90666,1.6355,1.6471,1.6379,1.6872,1.7317,1.7523,1.7047,1.6794,1.621,1.5711,1.5142,1.4359,1.3899,1.3356,1.3065
0,0.99869,1.0335,1.0316,1.0398,1.0282,1.0094,1.0218,1.03,1.0284,1.0369,1.0344,1.067,1.1552,1.197,1.2224,1.0993,1.1301,1.1327,1.1151,1.0984,1.0524,1.0482,1.028,1.0031,0.95466,0.93033,0.90666,0.86496,0.82629,0.82051,1.6872,1.7317,1.7523,1.7047,1.6794,1.621,1.5711,1.5142,1.4359,1.3899,1.3356,1.3065,1.3322,1.3367,1.3327
1,1.0398,1.0282,1.0094,1.0218,1.03,1.0284,1.0369,1.0344,1.067,1.1552,1.197,1.2224,1.2035,1.2281,1.2987,1.1151,1.0984,1.0524,1.0482,1.028,1.0031,0.95466,0.93033,0.90666,0.86496,0.82629,0.82051,0.80236,0.8127,0.84156,1.7047,1.6794,1.621,1.5711,1.5142,1.4359,1.3899,1.3356,1.3065,1.3322,1.3367,1.3327,1.2836,1.2621,1.2776
7,1.0218,1.03,1.0284,1.0369,1.0344,1.067,1.1552,1.197,1.2224,1.2035,1.2281,1.2987,1.4048,1.4614,1.4953,1.0482,1.028,1.0031,0.95466,0.93033,0.90666,0.86496,0.82629,0.82051,0.80236,0.8127,0.84156,0.91024,0.94859,0.95241,1.5711,1.5142,1.4359,1.3899,1.3356,1.3065,1.3322,1.3367,1.3327,1.2836,1.2621,1.2776,1.3289,1.3092,1.3083
7,1.0369,1.0344,1.067,1.1552,1.197,1.2224,1.2035,1.2281,1.2987,1.4048,1.4614,1.4953,1.5346,1.5622,1.5899,0.95466,0.93033,0.90666,0.86496,0.82629,0.82051,0.80236,0.8127,0.84156,0.91024,0.94859,0.95241,0.961,0.98066,0.96621,1.3899,1.3356,1.3065,1.3322,1.3367,1.3327,1.2836,1.2621,1.2776,1.3289,1.3092,1.3083,1.2828,1.2561,1.2536
6,1.1552,1.197,1.2224,1.2035,1.2281,1.2987,1.4048,1.4614,1.4953,1.5346,1.5622,1.5899,1.5804,1.5639,1.5555,0.86496,0.82629,0.82051,0.80236,0.8127,0.84156,0.91024,0.94859,0.95241,0.961,0.98066,0.96621,0.97142,0.93488,0.92987,1.3322,1.3367,1.3327,1.2836,1.2621,1.2776,1.3289,1.3092,1.3083,1.2828,1.2561,1.2536,1.2311,1.2043,1.1617
5,1.2035,1.2281,1.2987,1.4048,1.4614,1.4953,1.5346,1.5622,1.5899,1.5804,1.5639,1.5555,1.5676,1.5579,1.5184,0.80236,0.8127,0.84156,0.91024,0.94859,0.95241,0.961,0.98066,0.96621,0.97142,0.93488,0.92987,0.91703,0.89031,0.84808,1.2836,1.2621,1.2776,1.3289,1.3092,1.3083,1.2828,1.2561,1.2536,1.2311,1.2043,1.1617,1.1051,1.0902,1.0601
0,1.4048,1.4614,1.4953,1.5346,1.5622,1.5899,1.5804,1.5639,1.5555,1.5676,1.5579,1.5184,1.4991,1.4935,1.5121,0.91024,0.94859,0.95241,0.961,0.98066,0.96621,0.97142,0.93488,0.92987,0.91703,0.89031,0.84808,0.79901,0.78091,0.80141,1.3289,1.3092,1.3083,1.2828,1.2561,1.2536,1.2311,1.2043,1.1617,1.1051,1.0902,1.0601,1.0563,1.0691,1.1058
4,1.5346,1.5622,1.5899,1.5804,1.5639,1.5555,1.5676,1.5579,1.5184,1.4991,1.4935,1.5121,1.5162,1.4929,1.4508,0.961,0.98066,0.96621,0.97142,0.93488,0.92987,0.91703,0.89031,0.84808,0.79901,0.78091,0.80141,0.82991,0.83289,0.85887,1.2828,1.2561,1.2536,1.2311,1.2043,1.1617,1.1051,1.0902,1.0601,1.0563,1.0691,1.1058,1.1358,1.1263,1.1243
5,1.5804,1.5639,1.5555,1.5676,1.5579,1.5184,1.4991,1.4935,1.5121,1.5162,1.4929,1.4508,1.4182,1.364,1.3132,0.97142,0.93488,0.92987,0.91703,0.89031,0.84808,0.79901,0.78091,0.80141,0.82991,0.83289,0.85887,0.88433,0.9214,0.95646,1.2311,1.2043,1.1617,1.1051,1.0902,1.0601,1.0563,1.0691,1.1058,1.1358,1.1263,1.1243,1.1237,1.1218,1.087
1,1.5676,1.5579,1.5184,1.4991,1.4935,1.5121,1.5162,1.4929,1.4508,1.4182,1.364,1.3132,1.2816,1.2638,1.2798,0.91703,0.89031,0.84808,0.79901,0.78091,0.80141,0.82991,0.83289,0.85887,0.88433,0.9214,0.95646,0.98875,0.99082,1.0118,1.1051,1.0902,1.0601,1.0563,1.0691,1.1058,1.1358,1.1263,1.1243,1.1237,1.1218,1.087,1.0886,1.073,1.0559
6,1.4991,1.4935,1.5121,1.5162,1.4929,1.4508,1.4182,1.364,1.3132,1.2816,1.2638,1.2798,1.2704,1.2809,1.2534,0.79901,0.78091,0.80141,0.82991,0.83289,0.85887,0.88433,0.9214,0.95646,0.98875,0.99082,1.0118,1.0279,1.0647,1.0901,1.0563,1.0691,1.1058,1.1358,1.1263,1.1243,1.1237,1.1218,1.087,1.0886,1.073,1.0559,1.0417,1.0651,1.0521
7,1.5162,1.4929,1.4508,1.4182,1.364,1.3132,1.2816,1.2638,1.2798,1.2704,1.2809,1.2534,1.252,1.2718,1.3075,0.82991,0.83289,0.85887,0.88433,0.9214,0.95646,0.98875,0.99082,1.0118,1.0279,1.0647,1.0901,1.1244,1.1308,1.1389,1.1358,1.1263,1.1243,1.1237,1.1218,1.087,1.0886,1.073,1.0559,1.0417,1.0651,1.0521,1.076,1.0868,1.1032
6,1.4182,1.364,1.3132,1.2816,1.2638,1.2798,1.2704,1.2809,1.2534,1.252,1.2718,1.3075,1.3193,1.3342,1.3116,0.88433,0.9214,0.95646,0.98875,0.99082,1.0118,1.0279,1.0647,1.0901,1.1244,1.1308,1.1389,1.1119,1.0952,1.0689,1.1237,1.1218,1.087,1.0886,1.073,1.0559,1.0417,1.0651,1.0521,1.076,1.0868,1.1032,1.0861,1.1025,1.1349
5,1.2816,1.2638,1.2798,1.2704,1.2809,1.2534,1.252,1.2718,1.3075,1.3193,1.3342,1.3116,1.2792,1.1686,1.0756,0.98875,0.99082,1.0118,1.0279,1.0647,1.0901,1.1244,1.1308,1.1389,1.1119,1.0952,1.0689,1.0375,0.99951,0.97266,1.0886,1.073,1.0559,1.0417,1.0651,1.0521,1.076,1.0868,1.1032,1.0861,1.1025,1.1349,1.1587,1.173,1.1729
0,1.2704,1.2809,1.2534,1.252,1.2718,1.3075,1.3193,1.3342,1.3116,1.2792,1.1686,1.0756,0.97036,0.90675,0.88556,1.0279,1.0647,1.0901,1.1244,1.1308,1.1389,1.1119,1.0952,1.0689,1.0375,0.99951,0.97266,0.94439,0.94669,1.0032,1.0417,1.0651,1.0521,1.076,1.0868,1.1032,1.0861,1.1025,1.1349,1.1587,1.173,1.1729,1.1708,1.1954,1.2395
3,1.252,1.2718,1.3075,1.3193,1.3342,1.3116,1.2792,1.1686,1.0756,0.97036,0.90675,0.88556,0.83719,0.83118,0.82431,1.1244,1.1308,1.1389,1.1119,1.0952,1.0689,1.0375,0.99951,0.97266,0.94439,0.94669,1.0032,1.0034,1.016,1.0636,1.076,1.0868,1.1032,1.0861,1.1025,1.1349,1.1587,1.173,1.1729,1.1708,1.1954,1.2395,1.2258,1.2211,1.2276
4,1.3193,1.3342,1.3116,1.2792,1.1686,1.0756,0.97036,0.90675,0.88556,0.83719,0.83118,0.82431,0.81951,0.82119,0.78243,1.1119,1.0952,1.0689,1.0375,0.99951,0.97266,0.94439,0.94669,1.0032,1.0034,1.016,1.0636,1.0999,1.1005,1.0974,1.0861,1.1025,1.1349,1.1587,1.173,1.1729,1.1708,1.1954,1.2395,1.2258,1.2211,1.2276,1.2221,1.2175,1.2026
2,1.2792,1.1686,1.0756,0.97036,0.90675,0.88556,0.83719,0.83118,0.82431,0.81951,0.82119,0.78243,0.78643,0.82481,0.86801,1.0375,0.99951,0.97266,0.94439,0.94669,1.0032,1.0034,1.016,1.0636,1.0999,1.1005,1.0974,1.0994,1.0999,1.1128,1.1587,1.173,1.1729,1.1708,1.1954,1.2395,1.2258,1.2211,1.2276,1.2221,1.2175,1.2026,1.2056,1.2184,1.2503
5,0.97036,0.90675,0.88556,0.83719,0.83118,0.82431,0.81951,0.82119,0.78243,0.78643,0.82481,0.86801,0.92976,0.9748,0.99895,0.94439,0.94669,1.0032,1.0034,1.016,1.0636,1.0999,1.1005,1.0974,1.0994,1.0999,1.1128,1.1157,1.0933,1.0723,1.1708,1.1954,1.2395,1.2258,1.2211,1.2276,1.2221,1.2175,1.2026,1.2056,1.2184,1.2503,1.2924,1.3176,1.326
6,0.83719,0.83118,0.82431,0.81951,0.82119,0.78243,0.78643,0.82481,0.86801,0.92976,0.9748,0.99895,0.99903,1.0098,0.99951,1.0034,1.016,1.0636,1.0999,1.1005,1.0974,1.0994,1.0999,1.1128,1.1157,1.0933,1.0723,1.0713,1.0572,1.0685,1.2258,1.2211,1.2276,1.2221,1.2175,1.2026,1.2056,1.2184,1.2503,1.2924,1.3176,1.326,1.3411,1.3689,1.3702
7,0.81951,0.82119,0.78243,0.78643,0.82481,0.86801,0.92976,0.9748,0.99895,0.99903,1.0098,0.99951,0.97228,0.94512,0.91457,1.0999,1.1005,1.0974,1.0994,1.0999,1.1128,1.1157,1.0933,1.0723,1.0713,1.0572,1.0685,1.0307,1.0277,0.99861,1.2221,1.2175,1.2026,1.2056,1.2184,1.2503,1.2924,1.3176,1.326,1.3411,1.3689,1.3702,1.3675,1.3508,1.3395
1,0.78643,0.82481,0.86801,0.92976,0.9748,0.99895,0.99903,1.0098,0.99951,0.97228,0.94512,0.91457,0.86602,0.84111,0.81776,1.0994,1.0999,1.1128,1.1157,1.0933,1.0723,1.0713,1.0572,1.0685,1.0307,1.0277,0.99861,0.9799,0.96783,0.94141,1.2056,1.2184,1.2503,1.2924,1.3176,1.326,1.3411,1.3689,1.3702,1.3675,1.3508,1.3395,1.341,1.332,1.3032
1,0.92976,0.9748,0.99895,0.99903,1.0098,0.99951,0.97228,0.94512,0.91457,0.86602,0.84111,0.81776,0.79973,0.80922,0.82291,1.1157,1.0933,1.0723,1.0713,1.0572,1.0685,1.0307,1.0277,0.99861,0.9799,0.96783,0.94141,0.92587,0.91654,0.90259,1.2924,1.3176,1.326,1.3411,1.3689,1.3702,1.3675,1.3508,1.3395,1.341,1.332,1.3032,1.2884,1.2696,1.2316
2,0.99903,1.0098,0.99951,0.97228,0.94512,0.91457,0.86602,0.84111,0.81776,0.79973,0.80922,0.82291,0.81112,0.84576,0.88296,1.0713,1.0572,1.0685,1.0307,1.0277,0.99861,0.9799,0.96783,0.94141,0.92587,0.91654,0.90259,0.88956,0.90287,0.94093,1.3411,1.3689,1.3702,1.3675,1.3508,1.3395,1.341,1.332,1.3032,1.2884,1.2696,1.2316,1.2051,1.2257,1.2297
2,0.97228,0.94512,0.91457,0.86602,0.84111,0.81776,0.79973,0.80922,0.82291,0.81112,0.84576,0.88296,0.98409,1.0954,1.1218,1.0307,1.0277,0.99861,0.9799,0.96783,0.94141,0.92587,0.91654,0.90259,0.88956,0.90287,0.94093,0.96293,1.0168,1.0262,1.3675,1.3508,1.3395,1.341,1.332,1.3032,1.2884,1.2696,1.2316,1.2051,1.2257,1.2297,1.2402,1.2492,1.256
5,0.86602,0.84111,0.81776,0.79973,0.80922,0.82291,0.81112,0.84576,0.88296,0.98409,1.0954,1.1218,1.131,1.1354,1.1387,0.9799,0.96783,0.94141,0.92587,0.91654,0.90259,0.88956,0.90287,0.94093,0.96293,1.0168,1.0262,1.0459,1.0485,1.0595,1.341,1.332,1.3032,1.2884,1.2696,1.2316,1.2051,1.2257,1.2297,1.2402,1.2492,1.256,1.2725,1.2783,1.2588
6,0.79973,0.80922,0.82291,0.81112,0.84576,0.88296,0.98409,1.0954,1.1218,1.131,1.1354,1.1387,1.1316,1.1455,1.1503,0.92587,0.91654,0.90259,0.88956,0.90287,0.94093,0.96293,1.0168,1.0262,1.0459,1.0485,1.0595,1.0874,1.1017,1.1058,1.2884,1.2696,1.2316,1.2051,1.2257,1.2297,1.2402,1.2492,1.256,1.2725,1.2783,1.2588,1.2724,1.2874,1.2894
5,0.81112,0.84576,0.88296,0.98409,1.0954,1.1218,1.131,1.1354,1.1387,1.1316,1.1455,1.1503,1.1323,1.1279,1.1405,0.88956,0.90287,0.94093,0.96293,1.0168,1.0262,1.0459,1.0485,1.0595,1.0874,1.1017,1.1058,1.094,1.1085,1.1183,1.2051,1.2257,1.2297,1.2402,1.2492,1.256,1.2725,1.2783,1.2588,1.2724,1.2874,1.2894,1.2531,1.2601,1.2709
1,0.98409,1.0954,1.1218,1.131,1.1354,1.1387,1.1316,1.1455,1.1503,1.1323,1.1279,1.1405,1.1109,1.1174,1.1691,0.96293,1.0168,1.0262,1.0459,1.0485,1.0595,1.0874,1.1017,1.1058,1.094,1.1085,1.1183,1.0897,1.0954,1.1495,1.2402,1.2492,1.256,1.2725,1.2783,1.2588,1.2724,1.2874,1.2894,1.2531,1.2601,1.2709,1.233,1.2342,1.2865
2,1.131,1.1354,1.1387,1.1316,1.1455,1.1503,1.1323,1.1279,1.1405,1.1109,1.1174,1.1691,1.1623,1.1832,1.2292,1.0459,1.0485,1.0595,1.0874,1.1017,1.1058,1.094,1.1085,1.1183,1.0897,1.0954,1.1495,1.1209,1.1409,1.1845,1.2725,1.2783,1.2588,1.2724,1.2874,1.2894,1.2531,1.2601,1.2709,1.233,1.2342,1.2865,1.2795,1.3006,1.3285
5,1.1316,1.1455,1.1503,1.1323,1.1279,1.1405,1.1109,1.1174,1.1691,1.1623,1.1832,1.2292,1.2667,1.2764,1.3027,1.0874,1.1017,1.1058,1.094,1.1085,1.1183,1.0897,1.0954,1.1495,1.1209,1.1409,1.1845,1.1998,1.1959,1.2007,1.2724,1.2874,1.2894,1.2531,1.2601,1.2709,1.233,1.2342,1.2865,1.2795,1.3006,1.3285,1.2991,1.2698,1.2459
0,1.1323,1.1279,1.1405,1.1109,1.1174,1.1691,1.1623,1.1832,1.2292,1.2667,1.2764,1.3027,1.3341,1.3599,1.3756,1.094,1.1085,1.1183,1.0897,1.0954,1.1495,1.1209,1.1409,1.1845,1.1998,1.1959,1.2007,1.1952,1.1966,1.1957,1.2531,1.2601,1.2709,1.233,1.2342,1.2865,1.2795,1.3006,1.3285,1.2991,1.2698,1.2459,1.2325,1.2134,1.1974
7,1.1109,1.1174,1.1691,1.1623,1.1832,1.2292,1.2667,1.2764,1.3027,1.3341,1.3599,1.3756,1.4042,1.421,1.4578,1.0897,1.0954,1.1495,1.1209,1.1409,1.1845,1.1998,1.1959,1.2007,1.1952,1.1966,1.1957,1.2005,1.2064,1.2228,1.233,1.2342,1.2865,1.2795,1.3006,1.3285,1.2991,1.2698,1.2459,1.2325,1.2134,1.1974,1.1918,1.1761,1.1595
6,1.1623,1.1832,1.2292,1.2667,1.2764,1.3027,1.3341,1.3599,1.3756,1.4042,1.421,1.4578,1.4629,1.4935,1.4945,1.1209,1.1409,1.1845,1.1998,1.1959,1.2007,1.1952,1.1966,1.1957,1.2005,1.2064,1.2228,1.2298,1.2425,1.215,1.2795,1.3006,1.3285,1.2991,1.2698,1.2459,1.2325,1.2134,1.1974,1.1918,1.1761,1.1595,1.1439,1.1423,1.1281
3,1.2667,1.2764,1.3027,1.3341,1.3599,1.3756,1.4042,1.421,1.4578,1.4629,1.4935,1.4945,1.4961,1.4931,1.5035,1.1998,1.1959,1.2007,1.1952,1.1966,1.1957,1.2005,1.2064,1.2228,1.2298,1.2425,1.215,1.1849,1.1447,1.1105,1.2991,1.2698,1.2459,1.2325,1.2134,1.1974,1.1918,1.1761,1.1595,1.1439,1.1423,1.1281,1.1174,1.1229,1.1661
6,1.3341,1.3599,1.3756,1.4042,1.421,1.4578,1.4629,1.4935,1.4945,1.4961,1.4931,1.5035,1.5235,1.5302,1.5042,1.1952,1.1966,1.1957,1.2005,1.2064,1.2228,1.2298,1.2425,1.215,1.1849,1.1447,1.1105,1.068,1.0099,0.94129,1.2325,1.2134,1.1974,1.1918,1.1761,1.1595,1.1439,1.1423,1.1281,1.1174,1.1229,1.1661,1.2293,1.2814,1.2889
5,1.4042,1.421,1.4578,1.4629,1.4935,1.4945,1.4961,1.4931,1.5035,1.5235,1.5302,1.5042,1.5125,1.5238,1.5356,1.2005,1.2064,1.2228,1.2298,1.2425,1.215,1.1849,1.1447,1.1105,1.068,1.0099,0.94129,0.88554,0.84742,0.82803,1.1918,1.1761,1.1595,1.1439,1.1423,1.1281,1.1174,1.1229,1.1661,1.2293,1.2814,1.2889,1.3197,1.3685,1.4108
7,1.4629,1.4935,1.4945,1.4961,1.4931,1.5035,1.5235,1.5302,1.5042,1.5125,1.5238,1.5356,1.5418,1.5382,1.5463,1.2298,1.2425,1.215,1.1849,1.1447,1.1105,1.068,1.0099,0.94129,0.88554,0.84742,0.82803,0.80318,0.79481,0.781,1.1439,1.1423,1.1281,1.1174,1.1229,1.1661,1.2293,1.2814,1.2889,1.3197,1.3685,1.4108,1.4174,1.4236,1.4146
6,1.4961,1.4931,1.5035,1.5235,1.5302,1.5042,1.5125,1.5238,1.5356,1.5418,1.5382,1.5463,1.5373,1.5336,1.5123,1.1849,1.1447,1.1105,1.068,1.0099,0.94129,0.88554,0.84742,0.82803,0.80318,0.79481,0.781,0.7631,0.76285,0.73171,1.1174,1.1229,1.1661,1.2293,1.2814,1.2889,1.3197,1.3685,1.4108,1.4174,1.4236,1.4146,1.3992,1.4049,1.4049
5,1.5235,1.5302,1.5042,1.5125,1.5238,1.5356,1.5418,1.5382,1.5463,1.5373,1.5336,1.5123,1.4968,1.4605,1.4387,1.068,1.0099,0.94129,0.88554,0.84742,0.82803,0.80318,0.79481,0.781,0.7631,0.76285,0.73171,0.72035,0.71784,0.72122,1.2293,1.2814,1.2889,1.3197,1.3685,1.4108,1.4174,1.4236,1.4146,1.3992,1.4049,1.4049,1.3911,1.3757,1.3686
4,1.5125,1.5238,1.5356,1.5418,1.5382,1.5463,1.5373,1.5336,1.5123,1.4968,1.4605,1.4387,1.435,1.4376,1.4322,0.88554,0.84742,0.82803,0.80318,0.79481,0.781,0.7631,0.76285,0.73171,0.72035,0.71784,0.72122,0.74606,0.78394,0.80872,1.3197,1.3685,1.4108,1.4174,1.4236,1.4146,1.3992,1.4049,1.4049,1.3911,1.3757,1.3686,1.3721,1.3852,1.3928
6,1.5418,1.5382,1.5463,1.5373,1.5336,1.5123,1.4968,1.4605,1.4387,1.435,1.4376,1.4322,1.4183,1.4062,1.3692,0.80318,0.79481,0.781,0.7631,0.76285,0.73171,0.72035,0.71784,0.72122,0.74606,0.78394,0.80872,0.8429,0.85897,0.86401,1.4174,1.4236,1.4146,1.3992,1.4049,1.4049,1.3911,1.3757,1.3686,1.3721,1.3852,1.3928,1.403,1.3889,1.3588
5,1.5373,1.5336,1.5123,1.4968,1.4605,1.4387,1.435,1.4376,1.4322,1.4183,1.4062,1.3692,1.3506,1.3362,1.3292,0.7631,0.76285,0.73171,0.72035,0.71784,0.72122,0.74606,0.78394,0.80872,0.8429,0.85897,0.86401,0.87954,0.88734,0.90479,1.3992,1.4049,1.4049,1.3911,1.3757,1.3686,1.3721,1.3852,1.3928,1.403,1.3889,1.3588,1.36,1.3359,1.3439
1,1.4968,1.4605,1.4387,1.435,1.4376,1.4322,1.4183,1.4062,1.3692,1.3506,1.3362,1.3292,1.304,1.2502,1.2006,0.72035,0.71784,0.72122,0.74606,0.78394,0.80872,0.8429,0.85897,0.86401,0.87954,0.88734,0.90479,0.91151,0.92508,0.95372,1.3911,1.3757,1.3686,1.3721,1.3852,1.3928,1.403,1.3889,1.3588,1.36,1.3359,1.3439,1.3381,1.3128,1.2732
1,1.435,1.4376,1.4322,1.4183,1.4062,1.3692,1.3506,1.3362,1.3292,1.304,1.2502,1.2006,1.1944,1.2039,1.2485,0.74606,0.78394,0.80872,0.8429,0.85897,0.86401,0.87954,0.88734,0.90479,0.91151,0.92508,0.95372,0.97374,1.013,1.0795,1.3721,1.3852,1.3928,1.403,1.3889,1.3588,1.36,1.3359,1.3439,1.3381,1.3128,1.2732,1.2503,1.2695,1.288
5,1.4183,1.4062,1.3692,1.3506,1.3362,1.3292,1.304,1.2502,1.2006,1.1944,1.2039,1.2485,1.2654,1.2623,1.2693,0.8429,0.85897,0.86401,0.87954,0.88734,0.90479,0.91151,0.92508,0.95372,0.97374,1.013,1.0795,1.1368,1.152,1.1616,1.403,1.3889,1.3588,1.36,1.3359,1.3439,1.3381,1.3128,1.2732,1.2503,1.2695,1.288,1.2931,1.2764,1.2482
5,1.3506,1.3362,1.3292,1.304,1.2502,1.2006,1.1944,1.2039,1.2485,1.2654,1.2623,1.2693,1.2637,1.2763,1.2806,0.87954,0.88734,0.90479,0.91151,0.92508,0.95372,0.97374,1.013,1.0795,1.1368,1.152,1.1616,1.1777,1.1849,1.1774,1.36,1.3359,1.3439,1.3381,1.3128,1.2732,1.2503,1.2695,1.288,1.2931,1.2764,1.2482,1.2425,1.2246,1.2145
2,1.304,1.2502,1.2006,1.1944,1.2039,1.2485,1.2654,1.2623,1.2693,1.2637,1.2763,1.2806,1.2878,1.2813,1.2922,0.91151,0.92508,0.95372,0.97374,1.013,1.0795,1.1368,1.152,1.1616,1.1777,1.1849,1.1774,1.1782,1.1709,1.1563,1.3381,1.3128,1.2732,1.2503,1.2695,1.288,1.2931,1.2764,1.2482,1.2425,1.2246,1.2145,1.2158,1.2078,1.2009
6,1.1944,1.2039,1.2485,1.2654,1.2623,1.2693,1.2637,1.2763,1.2806,1.2878,1.2813,1.2922,1.2999,1.3056,1.3109,0.97374,1.013,1.0795,1.1368,1.152,1.1616,1.1777,1.1849,1.1774,1.1782,1.1709,1.1563,1.1424,1.1278,1.1169,1.2503,1.2695,1.288,1.2931,1.2764,1.2482,1.2425,1.2246,1.2145,1.2158,1.2078,1.2009,1.1982,1.1654,1.1868
7,1.2654,1.2623,1.2693,1.2637,1.2763,1.2806,1.2878,1.2813,1.2922,1.2999,1.3056,1.3109,1.301,1.3177,1.3107,1.1368,1.152,1.1616,1.1777,1.1849,1.1774,1.1782,1.1709,1.1563,1.1424,1.1278,1.1169,1.1187,1.1278,1.1235,1.2931,1.2764,1.2482,1.2425,1.2246,1.2145,1.2158,1.2078,1.2009,1.1982,1.1654,1.1868,1.2063,1.2645,1.3165
4,1.2637,1.2763,1.2806,1.2878,1.2813,1.2922,1.2999,1.3056,1.3109,1.301,1.3177,1.3107,1.2614,1.2418,1.1898,1.1777,1.1849,1.1774,1.1782,1.1709,1.1563,1.1424,1.1278,1.1169,1.1187,1.1278,1.1235,1.0938,1.0649,1.0266,1.2425,1.2246,1.2145,1.2158,1.2078,1.2009,1.1982,1.1654,1.1868,1.2063,1.2645,1.3165,1.3198,1.3361,1.3269
3,1.2878,1.2813,1.2922,1.2999,1.3056,1.3109,1.301,1.3177,1.3107,1.2614,1.2418,1.1898,1.1952,1.1998,1.1979,1.1782,1.1709,1.1563,1.1424,1.1278,1.1169,1.1187,1.1278,1.1235,1.0938,1.0649,1.0266,1.0334,1.0572,1.0567,1.2158,1.2078,1.2009,1.1982,1.1654,1.1868,1.2063,1.2645,1.3165,1.3198,1.3361,1.3269,1.3385,1.333,1.3303
6,1.2999,1.3056,1.3109,1.301,1.3177,1.3107,1.2614,1.2418,1.1898,1.1952,1.1998,1.1979,1.1815,1.1767,1.1858,1.1424,1.1278,1.1169,1.1187,1.1278,1.1235,1.0938,1.0649,1.0266,1.0334,1.0572,1.0567,1.0623,1.0654,1.0668,1.1982,1.1654,1.1868,1.2063,1.2645,1.3165,1.3198,1.3361,1.3269,1.3385,1.333,1.3303,1.3025,1.282,1.2786
7,1.301,1.3177,1.3107,1.2614,1.2418,1.1898,1.1952,1.1998,1.1979,1.1815,1.1767,1.1858,1.2004,1.2261,1.2524,1.1187,1.1278,1.1235,1.0938,1.0649,1.0266,1.0334,1.0572,1.0567,1.0623,1.0654,1.0668,1.0558,1.0422,1.041,1.2063,1.2645,1.3165,1.3198,1.3361,1.3269,1.3385,1.333,1.3303,1.3025,1.282,1.2786,1.249,1.2165,1.2117
5,1.2614,1.2418,1.1898,1.1952,1.1998,1.1979,1.1815,1.1767,1.1858,1.2004,1.2261,1.2524,1.2551,1.2556,1.2354,1.0938,1.0649,1.0266,1.0334,1.0572,1.0567,1.0623,1.0654,1.0668,1.0558,1.0422,1.041,1.0335,1.0139,0.98266,1.3198,1.3361,1.3269,1.3385,1.333,1.3303,1.3025,1.282,1.2786,1.249,1.2165,1.2117,1.1847,1.135,1.0622
4,1.1952,1.1998,1.1979,1.1815,1.1767,1.1858,1.2004,1.2261,1.2524,1.2551,1.2556,1.2354,1.2185,1.1912,1.1901,1.0334,1.0572,1.0567,1.0623,1.0654,1.0668,1.0558,1.0422,1.041,1.0335,1.0139,0.98266,0.94804,0.92393,0.94528,1.3385,1.333,1.3303,1.3025,1.282,1.2786,1.249,1.2165,1.2117,1.1847,1.135,1.0622,0.98897,0.92739,0.88491
1,1.1815,1.1767,1.1858,1.2004,1.2261,1.2524,1.2551,1.2556,1.2354,1.2185,1.1912,1.1901,1.1867,1.1649,1.1179,1.0623,1.0654,1.0668,1.0558,1.0422,1.041,1.0335,1.0139,0.98266,0.94804,0.92393,0.94528,0.97874,0.99898,0.99847,1.3025,1.282,1.2786,1.249,1.2165,1.2117,1.1847,1.135,1.0622,0.98897,0.92739,0.88491,0.85281,0.8032,0.76419
7,1.2004,1.2261,1.2524,1.2551,1.2556,1.2354,1.2185,1.1912,1.1901,1.1867,1.1649,1.1179,1.104,1.0845,1.093,1.0558,1.0422,1.041,1.0335,1.0139,0.98266,0.94804,0.92393,0.94528,0.97874,0.99898,0.99847,1.0165,1.0274,1.0662,1.249,1.2165,1.2117,1.1847,1.135,1.0622,0.98897,0.92739,0.88491,0.85281,0.8032,0.76419,0.75158,0.73335,0.68112
1,1.2551,1.2556,1.2354,1.2185,1.1912,1.1901,1.1867,1.1649,1.1179,1.104,1.0845,1.093,1.0907,1.1056,1.131,1.0335,1.0139,0.98266,0.94804,0.92393,0.94528,0.97874,0.99898,0.99847,1.0165,1.0274,1.0662,1.0731,1.083,1.0903,1.1847,1.135,1.0622,0.98897,0.92739,0.88491,0.85281,0.8032,0.76419,0.75158,0.73335,0.68112,0.58694,0.53014,0.51616
2,1.2185,1.1912,1.1901,1.1867,1.1649,1.1179,1.104,1.0845,1.093,1.0907,1.1056,1.131,1.1469,1.1662,1.1913,0.94804,0.92393,0.94528,0.97874,0.99898,0.99847,1.0165,1.0274,1.0662,1.0731,1.083,1.0903,1.0924,1.0962,1.1099,0.98897,0.92739,0.88491,0.85281,0.8032,0.76419,0.75158,0.73335,0.68112,0.58694,0.53014,0.51616,0.45742,0.41881,0.39443
6,1.1867,1.1649,1.1179,1.104,1.0845,1.093,1.0907,1.1056,1.131,1.1469,1.1662,1.1913,1.196,1.2099,1.2131,0.97874,0.99898,0.99847,1.0165,1.0274,1.0662,1.0731,1.083,1.0903,1.0924,1.0962,1.1099,1.1204,1.1366,1.1297,0.85281,0.8032,0.76419,0.75158,0.73335,0.68112,0.58694,0.53014,0.51616,0.45742,0.41881,0.39443,0.37703,0.38718,0.39837
4,1.104,1.0845,1.093,1.0907,1.1056,1.131,1.1469,1.1662,1.1913,1.196,1.2099,1.2131,1.2249,1.2258,1.218,1.0165,1.0274,1.0662,1.0731,1.083,1.0903,1.0924,1.0962,1.1099,1.1204,1.1366,1.1297,1.1427,1.15,1.1372,0.75158,0.73335,0.68112,0.58694,0.53014,0.51616,0.45742,0.41881,0.39443,0.37703,0.38718,0.39837,0.43199,0.48103,0.51057
6,1.0907,1.1056,1.131,1.1469,1.1662,1.1913,1.196,1.2099,1.2131,1.2249,1.2258,1.218,1.1998,1.1666,1.0426,1.0731,1.083,1.0903,1.0924,1.0962,1.1099,1.1204,1.1366,1.1297,1.1427,1.15,1.1372,1.1221,1.1286,1.1674,0.58694,0.53014,0.51616,0.45742,0.41881,0.39443,0.37703,0.38718,0.39837,0.43199,0.48103,0.51057,0.53169,0.54875,0.58083
0,1.1469,1.1662,1.1913,1.196,1.2099,1.2131,1.2249,1.2258,1.218,1.1998,1.1666,1.0426,0.95681,0.91565,0.89409,1.0924,1.0962,1.1099,1.1204,1.1366,1.1297,1.1427,1.15,1.1372,1.1221,1.1286,1.1674,1.1875,1.1725,1.152,0.45742,0.41881,0.39443,0.37703,0.38718,0.39837,0.43199,0.48103,0.51057,0.53169,0.54875,0.58083,0.60262,0.63029,0.68025
6,1.196,1.2099,1.2131,1.2249,1.2258,1.218,1.1998,1.1666,1.0426,0.95681,0.91565,0.89409,0.89598,0.91383,0.91572,1.1204,1.1366,1.1297,1.1427,1.15,1.1372,1.1221,1.1286,1.1674,1.1875,1.1725,1.152,1.1628,1.1761,1.1978,0.37703,0.38718,0.39837,0.43199,0.48103,0.51057,0.53169,0.54875,0.58083,0.60262,0.63029,0.68025,0.74241,0.80061,0.82217
0,1.2249,1.2258,1.218,1.1998,1.1666,1.0426,0.95681,0.91565,0.89409,0.89598,0.91383,0.91572,0.95625,0.97766,0.99165,1.1427,1.15,1.1372,1.1221,1.1286,1.1674,1.1875,1.1725,1.152,1.1628,1.1761,1.1978,1.2073,1.2211,1.1952,0.43199,0.48103,0.51057,0.53169,0.54875,0.58083,0.60262,0.63029,0.68025,0.74241,0.80061,0.82217,0.83673,0.84431,0.84275
6,1.1998,1.1666,1.0426,0.95681,0.91565,0.89409,0.89598,0.91383,0.91572,0.95625,0.97766,0.99165,1.0291,1.0935,1.1467,1.1221,1.1286,1.1674,1.1875,1.1725,1.152,1.1628,1.1761,1.1978,1.2073,1.2211,1.1952,1.1823,1.1787,1.1768,0.53169,0.54875,0.58083,0.60262,0.63029,0.68025,0.74241,0.80061,0.82217,0.83673,0.84431,0.84275,0.86281,0.94243,1.0161
6,0.95681,0.91565,0.89409,0.89598,0.91383,0.91572,0.95625,0.97766,0.99165,1.0291,1.0935,1.1467,1.1552,1.168,1.2145,1.1875,1.1725,1.152,1.1628,1.1761,1.1978,1.2073,1.2211,1.1952,1.1823,1.1787,1.1768,1.1544,1.1371,1.1677,0.60262,0.63029,0.68025,0.74241,0.80061,0.82217,0.83673,0.84431,0.84275,0.86281,0.94243,1.0161,1.0646,1.0944,1.1312
5,0.89598,0.91383,0.91572,0.95625,0.97766,0.99165,1.0291,1.0935,1.1467,1.1552,1.168,1.2145,1.2184,1.2205,1.223,1.1628,1.1761,1.1978,1.2073,1.2211,1.1952,1.1823,1.1787,1.1768,1.1544,1.1371,1.1677,1.1723,1.1786,1.187,0.74241,0.80061,0.82217,0.83673,0.84431,0.84275,0.86281,0.94243,1.0161,1.0646,1.0944,1.1312,1.1353,1.1442,1.1714
3,0.95625,0.97766,0.99165,1.0291,1.0935,1.1467,1.1552,1.168,1.2145,1.2184,1.2205,1.223,1.214,1.2114,1.1814,1.2073,1.2211,1.1952,1.1823,1.1787,1.1768,1.1544,1.1371,1.1677,1.1723,1.1786,1.187,1.1776,1.1731,1.1613,0.83673,0.84431,0.84275,0.86281,0.94243,1.0161,1.0646,1.0944,1.1312,1.1353,1.1442,1.1714,1.1676,1.1786,1.171
2,1.0291,1.0935,1.1467,1.1552,1.168,1.2145,1.2184,1.2205,1.223,1.214,1.2114,1.1814,1.1765,1.173,1.1497,1.1823,1.1787,1.1768,1.1544,1.1371,1.1677,1.1723,1.1786,1.187,1.1776,1.1731,1.1613,1.1583,1.1561,1.1513,0.86281,0.94243,1.0161,1.0646,1.0944,1.1312,1.1353,1.1442,1.1714,1.1676,1.1786,1.171,1.1674,1.1649,1.1473
2,1.1552,1.168,1.2145,1.2184,1.2205,1.223,1.214,1.2114,1.1814,1.1765,1.173,1.1497,1.1401,1.1443,1.1565,1.1544,1.1371,1.1677,1.1723,1.1786,1.187,1.1776,1.1731,1.1613,1.1583,1.1561,1.1513,1.1391,1.1477,1.1678,1.0646,1.0944,1.1312,1.1353,1.1442,1.1714,1.1676,1.1786,1.171,1.1674,1.1649,1.1473,1.121,1.1195,1.1187
7,1.2184,1.2205,1.223,1.214,1.2114,1.1814,1.1765,1.173,1.1497,1.1401,1.1443,1.1565,1.1691,1.1789,1.2047,1.1723,1.1786,1.187,1.1776,1.1731,1.1613,1.1583,1.1561,1.1513,1.1391,1.1477,1.1678,1.1682,1.1514,1.1312,1.1353,1.1442,1.1714,1.1676,1.1786,1.171,1.1674,1.1649,1.1473,1.121,1.1195,1.1187,1.1292,1.1189,1.135
4,1.214,1.2114,1.1814,1.1765,1.173,1.1497,1.1401,1.1443,1.1565,1.1691,1.1789,1.2047,1.2355,1.2766,1.3454,1.1776,1.1731,1.1613,1.1583,1.1561,1.1513,1.1391,1.1477,1.1678,1.1682,1.1514,1.1312,1.1025,1.0626,1.0234,1.1676,1.1786,1.171,1.1674,1.1649,1.1473,1.121,1.1195,1.1187,1.1292,1.1189,1.135,1.1284,1.1382,1.1576
5,1.1765,1.173,1.1497,1.1401,1.1443,1.1565,1.1691,1.1789,1.2047,1.2355,1.2766,1.3454,1.3781,1.3853,1.3721,1.1583,1.1561,1.1513,1.1391,1.1477,1.1678,1.1682,1.1514,1.1312,1.1025,1.0626,1.0234,0.99275,0.97236,0.96738,1.1674,1.1649,1.1473,1.121,1.1195,1.1187,1.1292,1.1189,1.135,1.1284,1.1382,1.1576,1.1645,1.1706,1.1861
4,1.1401,1.1443,1.1565,1.1691,1.1789,1.2047,1.2355,1.2766,1.3454,1.3781,1.3853,1.3721,1.3617,1.349,1.3303,1.1391,1.1477,1.1678,1.1682,1.1514,1.1312,1.1025,1.0626,1.0234,0.99275,0.97236,0.96738,0.958,0.96029,0.94825,1.121,1.1195,1.1187,1.1292,1.1189,1.135,1.1284,1.1382,1.1576,1.1645,1.1706,1.1861,1.191,1.168,1.1496
7,1.1691,1.1789,1.2047,1.2355,1.2766,1.3454,1.3781,1.3853,1.3721,1.3617,1.349,1.3303,1.3342,1.3532,1.3561,1.1682,1.1514,1.1312,1.1025,1.0626,1.0234,0.99275,0.97236,0.96738,0.958,0.96029,0.94825,0.94634,0.91733,0.90805,1.1292,1.1189,1.135,1.1284,1.1382,1.1576,1.1645,1.1706,1.1861,1.191,1.168,1.1496,1.1286,1.117,1.0986
3,1.2355,1.2766,1.3454,1.3781,1.3853,1.3721,1.3617,1.349,1.3303,1.3342,1.3532,1.3561,1.3753,1.3664,1.36,1.1025,1.0626,1.0234,0.99275,0.97236,0.96738,0.958,0.96029,0.94825,0.94634,0.91733,0.90805,0.90258,0.91229,0.87617,1.1284,1.1382,1.1576,1.1645,1.1706,1.1861,1.191,1.168,1.1496,1.1286,1.117,1.0986,1.1229,1.1896,1.2026
4,1.3781,1.3853,1.3721,1.3617,1.349,1.3303,1.3342,1.3532,1.3561,1.3753,1.3664,1.36,1.3478,1.3222,1.3154,0.99275,0.97236,0.96738,0.958,0.96029,0.94825,0.94634,0.91733,0.90805,0.90258,0.91229,0.87617,0.82948,0.77774,0.73851,1.1645,1.1706,1.1861,1.191,1.168,1.1496,1.1286,1.117,1.0986,1.1229,1.1896,1.2026,1.2075,1.2225,1.2528
2,1.3617,1.349,1.3303,1.3342,1.3532,1.3561,1.3753,1.3664,1.36,1.3478,1.3222,1.3154,1.3018,1.3159,1.2851,0.958,0.96029,0.94825,0.94634,0.91733,0.90805,0.90258,0.91229,0.87617,0.82948,0.77774,0.73851,0.69708,0.67292,0.62239,1.191,1.168,1.1496,1.1286,1.117,1.0986,1.1229,1.1896,1.2026,1.2075,1.2225,1.2528,1.2787,1.3153,1.3042
3,1.3342,1.3532,1.3561,1.3753,1.3664,1.36,1.3478,1.3222,1.3154,1.3018,1.3159,1.2851,1.287,1.2772,1.2694,0.94634,0.91733,0.90805,0.90258,0.91229,0.87617,0.82948,0.77774,0.73851,0.69708,0.67292,0.62239,0.60542,0.59551,0.59016,1.1286,1.117,1.0986,1.1229,1.1896,1.2026,1.2075,1.2225,1.2528,1.2787,1.3153,1.3042,1.3176,1.3245,1.3182
4,1.3753,1.3664,1.36,1.3478,1.3222,1.3154,1.3018,1.3159,1.2851,1.287,1.2772,1.2694,1.2674,1.2744,1.2767,0.90258,0.91229,0.87617,0.82948,0.77774,0.73851,0.69708,0.67292,0.62239,0.60542,0.59551,0.59016,0.59091,0.6062,0.61791,1.1229,1.1896,1.2026,1.2075,1.2225,1.2528,1.2787,1.3153,1.3042,1.3176,1.3245,1.3182,1.3249,1.3245,1.3217
5,1.3478,1.3222,1.3154,1.3018,1.3159,1.2851,1.287,1.2772,1.2694,1.2674,1.2744,1.2767,1.2908,1.2953,1.2642,0.82948,0.77774,0.73851,0.69708,0.67292,0.62239,0.60542,0.59551,0.59016,0.59091,0.6062,0.61791,0.60921,0.62571,0.66605,1.2075,1.2225,1.2528,1.2787,1.3153,1.3042,1.3176,1.3245,1.3182,1.3249,1.3245,1.3217,1.3457,1.3588,1.3775
4,1.3018,1.3159,1.2851,1.287,1.2772,1.2694,1.2674,1.2744,1.2767,1.2908,1.2953,1.2642,1.2626,1.235,1.1873,0.69708,0.67292,0.62239,0.60542,0.59551,0.59016,0.59091,0.6062,0.61791,0.60921,0.62571,0.66605,0.72886,0.78158,0.78141,1.2787,1.3153,1.3042,1.3176,1.3245,1.3182,1.3249,1.3245,1.3217,1.3457,1.3588,1.3775,1.418,1.44,1.4163
0,1.287,1.2772,1.2694,1.2674,1.2744,1.2767,1.2908,1.2953,1.2642,1.2626,1.235,1.1873,1.1278,1.1209,1.1174,0.60542,0.59551,0.59016,0.59091,0.6062,0.61791,0.60921,0.62571,0.66605,0.72886,0.78158,0.78141,0.75881,0.76198,0.79491,1.3176,1.3245,1.3182,1.3249,1.3245,1.3217,1.3457,1.3588,1.3775,1.418,1.44,1.4163,1.3568,1.3378,1.3233
5,1.2674,1.2744,1.2767,1.2908,1.2953,1.2642,1.2626,1.235,1.1873,1.1278,1.1209,1.1174,1.1141,1.0823,1.0527,0.59091,0.6062,0.61791,0.60921,0.62571,0.66605,0.72886,0.78158,0.78141,0.75881,0.76198,0.79491,0.84117,0.89458,0.95759,1.3249,1.3245,1.3217,1.3457,1.3588,1.3775,1.418,1.44,1.4163,1.3568,1.3378,1.3233,1.3224,1.3212,1.3037
5,1.2908,1.2953,1.2642,1.2626,1.235,1.1873,1.1278,1.1209,1.1174,1.1141,1.0823,1.0527,0.99359,0.9465,0.87814,0.60921,0.62571,0.66605,0.72886,0.78158,0.78141,0.75881,0.76198,0.79491,0.84117,0.89458,0.95759,1.011,1.0535,1.0744,1.3457,1.3588,1.3775,1.418,1.44,1.4163,1.3568,1.3378,1.3233,1.3224,1.3212,1.3037,1.2865,1.2785,1.2463
1,1.2626,1.235,1.1873,1.1278,1.1209,1.1174,1.1141,1.0823,1.0527,0.99359,0.9465,0.87814,0.77857,0.73845,0.67501,0.72886,0.78158,0.78141,0.75881,0.76198,0.79491,0.84117,0.89458,0.95759,1.011,1.0535,1.0744,1.0923,1.129,1.149,1.418,1.44,1.4163,1.3568,1.3378,1.3233,1.3224,1.3212,1.3037,1.2865,1.2785,1.2463,1.1953,1.1746,1.1431
0,1.1278,1.1209,1.1174,1.1141,1.0823,1.0527,0.99359,0.9465,0.87814,0.77857,0.73845,0.67501,0.60942,0.59794,0.61674,0.75881,0.76198,0.79491,0.84117,0.89458,0.95759,1.011,1.0535,1.0744,1.0923,1.129,1.149,1.1619,1.1863,1.2074,1.3568,1.3378,1.3233,1.3224,1.3212,1.3037,1.2865,1.2785,1.2463,1.1953,1.1746,1.1431,1.1016,1.0649,1.0526
3,1.1141,1.0823,1.0527,0.99359,0.9465,0.87814,0.77857,0.73845,0.67501,0.60942,0.59794,0.61674,0.65739,0.79774,0.88569,0.84117,0.89458,0.95759,1.011,1.0535,1.0744,1.0923,1.129,1.149,1.1619,1.1863,1.2074,1.226,1.2943,1.3075,1.3224,1.3212,1.3037,1.2865,1.2785,1.2463,1.1953,1.1746,1.1431,1.1016,1.0649,1.0526,1.0322,1.1005,1.1047
6,0.99359,0.9465,0.87814,0.77857,0.73845,0.67501,0.60942,0.59794,0.61674,0.65739,0.79774,0.88569,0.96617,0.98297,1.0141,1.011,1.0535,1.0744,1.0923,1.129,1.149,1.1619,1.1863,1.2074,1.226,1.2943,1.3075,1.2987,1.2802,1.2908,1.2865,1.2785,1.2463,1.1953,1.1746,1.1431,1.1016,1.0649,1.0526,1.0322,1.1005,1.1047,1.1148,1.0983,1.1021
3,0.77857,0.73845,0.67501,0.60942,0.59794,0.61674,0.65739,0.79774,0.88569,0.96617,0.98297,1.0141,1.0434,1.0346,1.0236,1.0923,1.129,1.149,1.1619,1.1863,1.2074,1.226,1.2943,1.3075,1.2987,1.2802,1.2908,1.3073,1.2978,1.3126,1.1953,1.1746,1.1431,1.1016,1.0649,1.0526,1.0322,1.1005,1.1047,1.1148,1.0983,1.1021,1.1251,1.1161,1.1208
4,0.60942,0.59794,0.61674,0.65739,0.79774,0.88569,0.96617,0.98297,1.0141,1.0434,1.0346,1.0236,0.99609,0.96787,0.93944,1.1619,1.1863,1.2074,1.226,1.2943,1.3075,1.2987,1.2802,1.2908,1.3073,1.2978,1.3126,1.2976,1.2701,1.2575,1.1016,1.0649,1.0526,1.0322,1.1005,1.1047,1.1148,1.0983,1.1021,1.1251,1.1161,1.1208,1.1238,1.0974,1.1022
6,0.65739,0.79774,0.88569,0.96617,0.98297,1.0141,1.0434,1.0346,1.0236,0.99609,0.96787,0.93944,0.92872,0.94002,0.95062,1.226,1.2943,1.3075,1.2987,1.2802,1.2908,1.3073,1.2978,1.3126,1.2976,1.2701,1.2575,1.2674,1.2762,1.3001,1.0322,1.1005,1.1047,1.1148,1.0983,1.1021,1.1251,1.1161,1.1208,1.1238,1.0974,1.1022,1.1179,1.1545,1.1815
2,0.96617,0.98297,1.0141,1.0434,1.0346,1.0236,0.99609,0.96787,0.93944,0.92872,0.94002,0.95062,0.9685,0.9765,0.99361,1.2987,1.2802,1.2908,1.3073,1.2978,1.3126,1.2976,1.2701,1.2575,1.2674,1.2762,1.3001,1.315,1.3101,1.2948,1.1148,1.0983,1.1021,1.1251,1.1161,1.1208,1.1238,1.0974,1.1022,1.1179,1.1545,1.1815,1.1959,1.1984,1.194
3,1.0434,1.0346,1.0236,0.99609,0.96787,0.93944,0.92872,0.94002,0.95062,0.9685,0.9765,0.99361,0.9825,0.9806,1.0023,1.3073,1.2978,1.3126,1.2976,1.2701,1.2575,1.2674,1.2762,1.3001,1.315,1.3101,1.2948,1.2797,1.2674,1.2691,1.1251,1.1161,1.1208,1.1238,1.0974,1.1022,1.1179,1.1545,1.1815,1.1959,1.1984,1.194,1.1812,1.1506,1.1601
6,0.99609,0.96787,0.93944,0.92872,0.94002,0.95062,0.9685,0.9765,0.99361,0.9825,0.9806,1.0023,1.0426,1.1063,1.162,1.2976,1.2701,1.2575,1.2674,1.2762,1.3001,1.315,1.3101,1.2948,1.2797,1.2674,1.2691,1.2873,1.2987,1.2935,1.1238,1.0974,1.1022,1.1179,1.1545,1.1815,1.1959,1.1984,1.194,1.1812,1.1506,1.1601,1.159,1.1993,1.2276
7,0.92872,0.94002,0.95062,0.9685,0.9765,0.99361,0.9825,0.9806,1.0023,1.0426,1.1063,1.162,1.1545,1.1472,1.1698,1.2674,1.2762,1.3001,1.315,1.3101,1.2948,1.2797,1.2674,1.2691,1.2873,1.2987,1.2935,1.2598,1.235,1.2274,1.1179,1.1545,1.1815,1.1959,1.1984,1.194,1.1812,1.1506,1.1601,1.159,1.1993,1.2276,1.2123,1.2065,1.208
5,0.9685,0.9765,0.99361,0.9825,0.9806,1.0023,1.0426,1.1063,1.162,1.1545,1.1472,1.1698,1.1807,1.1771,1.1642,1.315,1.3101,1.2948,1.2797,1.2674,1.2691,1.2873,1.2987,1.2935,1.2598,1.235,1.2274,1.2338,1.2305,1.2194,1.1959,1.1984,1.194,1.1812,1.1506,1.1601,1.159,1.1993,1.2276,1.2123,1.2065,1.208,1.2162,1.2127,1.1994
7,0.9825,0.9806,1.0023,1.0426,1.1063,1.162,1.1545,1.1472,1.1698,1.1807,1.1771,1.1642,1.1366,1.0782,1.0095,1.2797,1.2674,1.2691,1.2873,1.2987,1.2935,1.2598,1.235,1.2274,1.2338,1.2305,1.2194,1.2252,1.2049,1.1845,1.1812,1.1506,1.1601,1.159,1.1993,1.2276,1.2123,1.2065,1.208,1.2162,1.2127,1.1994,1.1753,1.1365,1.0717
2,1.0426,1.1063,1.162,1.1545,1.1472,1.1698,1.1807,1.1771,1.1642,1.1366,1.0782,1.0095,0.9563,0.90013,0.83521,1.2873,1.2987,1.2935,1.2598,1.235,1.2274,1.2338,1.2305,1.2194,1.2252,1.2049,1.1845,1.1816,1.1683,1.1485,1.159,1.1993,1.2276,1.2123,1.2065,1.208,1.2162,1.2127,1.1994,1.1753,1.1365,1.0717,1.0228,0.97692,0.92257
3,1.1545,1.1472,1.1698,1.1807,1.1771,1.1642,1.1366,1.0782,1.0095,0.9563,0.90013,0.83521,0.79748,0.7886,0.81001,1.2598,1.235,1.2274,1.2338,1.2305,1.2194,1.2252,1.2049,1.1845,1.1816,1.1683,1.1485,1.1171,1.0906,1.0825,1.2123,1.2065,1.208,1.2162,1.2127,1.1994,1.1753,1.1365,1.0717,1.0228,0.97692,0.92257,0.87394,0.79922,0.78
4,1.1807,1.1771,1.1642,1.1366,1.0782,1.0095,0.9563,0.90013,0.83521,0.79748,0.7886,0.81001,0.82868,0.8364,0.86987,1.2338,1.2305,1.2194,1.2252,1.2049,1.1845,1.1816,1.1683,1.1485,1.1171,1.0906,1.0825,1.0664,1.0623,1.0465,1.2162,1.2127,1.1994,1.1753,1.1365,1.0717,1.0228,0.97692,0.92257,0.87394,0.79922,0.78,0.75436,0.74631,0.73009
6,1.1366,1.0782,1.0095,0.9563,0.90013,0.83521,0.79748,0.7886,0.81001,0.82868,0.8364,0.86987,0.87771,0.85584,0.86334,1.2252,1.2049,1.1845,1.1816,1.1683,1.1485,1.1171,1.0906,1.0825,1.0664,1.0623,1.0465,1.0258,1.0162,1.0661,1.1753,1.1365,1.0717,1.0228,0.97692,0.92257,0.87394,0.79922,0.78,0.75436,0.74631,0.73009,0.72112,0.72228,0.77854
7,0.9563,0.90013,0.83521,0.79748,0.7886,0.81001,0.82868,0.8364,0.86987,0.87771,0.85584,0.86334,0.82359,0.74382,0.67289,1.1816,1.1683,1.1485,1.1171,1.0906,1.0825,1.0664,1.0623,1.0465,1.0258,1.0162,1.0661,1.0731,1.0891,1.0899,1.0228,0.97692,0.92257,0.87394,0.79922,0.78,0.75436,0.74631,0.73009,0.72112,0.72228,0.77854,0.79825,0.84415,0.85566
0,0.79748,0.7886,0.81001,0.82868,0.8364,0.86987,0.87771,0.85584,0.86334,0.82359,0.74382,0.67289,0.53969,0.41828,0.3667,1.1171,1.0906,1.0825,1.0664,1.0623,1.0465,1.0258,1.0162,1.0661,1.0731,1.0891,1.0899,1.0538,0.99668,0.99766,0.87394,0.79922,0.78,0.75436,0.74631,0.73009,0.72112,0.72228,0.77854,0.79825,0.84415,0.85566,0.83295,0.81537,0.82915
7,0.82868,0.8364,0.86987,0.87771,0.85584,0.86334,0.82359,0.74382,0.67289,0.53969,0.41828,0.3667,0.34943,0.33136,0.3397,1.0664,1.0623,1.0465,1.0258,1.0162,1.0661,1.0731,1.0891,1.0899,1.0538,0.99668,0.99766,1.0176,1.0325,1.0362,0.75436,0.74631,0.73009,0.72112,0.72228,0.77854,0.79825,0.84415,0.85566,0.83295,0.81537,0.82915,0.84484,0.84731,0.85412
2,0.87771,0.85584,0.86334,0.82359,0.74382,0.67289,0.53969,0.41828,0.3667,0.34943,0.33136,0.3397,0.37809,0.41205,0.43474,1.0258,1.0162,1.0661,1.0731,1.0891,1.0899,1.0538,0.99668,0.99766,1.0176,1.0325,1.0362,1.0537,1.0822,1.0694,0.72112,0.72228,0.77854,0.79825,0.84415,0.85566,0.83295,0.81537,0.82915,0.84484,0.84731,0.85412,0.87071,0.85984,0.83391
0,0.82359,0.74382,0.67289,0.53969,0.41828,0.3667,0.34943,0.33136,0.3397,0.37809,0.41205,0.43474,0.4254,0.41612,0.42027,1.0731,1.0891,1.0899,1.0538,0.99668,0.99766,1.0176,1.0325,1.0362,1.0537,1.0822,1.0694,1.0507,1.0192,1.0069,0.79825,0.84415,0.85566,0.83295,0.81537,0.82915,0.84484,0.84731,0.85412,0.87071,0.85984,0.83391,0.78502,0.73641,0.71186
0,0.53969,0.41828,0.3667,0.34943,0.33136,0.3397,0.37809,0.41205,0.43474,0.4254,0.41612,0.42027,0.44087,0.45413,0.462,1.0538,0.99668,0.99766,1.0176,1.0325,1.0362,1.0537,1.0822,1.0694,1.0507,1.0192,1.0069,1.0273,1.0356,1.0559,0.83295,0.81537,0.82915,0.84484,0.84731,0.85412,0.87071,0.85984,0.83391,0.78502,0.73641,0.71186,0.71888,0.7323,0.74346
4,0.34943,0.33136,0.3397,0.37809,0.41205,0.43474,0.4254,0.41612,0.42027,0.44087,0.45413,0.462,0.47686,0.51316,0.55283,1.0176,1.0325,1.0362,1.0537,1.0822,1.0694,1.0507,1.0192,1.0069,1.0273,1.0356,1.0559,1.078,1.1124,1.1533,0.84484,0.84731,0.85412,0.87071,0.85984,0.83391,0.78502,0.73641,0.71186,0.71888,0.7323,0.74346,0.77772,0.81788,0.85748
2,0.37809,0.41205,0.43474,0.4254,0.41612,0.42027,0.44087,0.45413,0.462,0.47686,0.51316,0.55283,0.59333,0.5821,0.58002,1.0537,1.0822,1.0694,1.0507,1.0192,1.0069,1.0273,1.0356,1.0559,1.078,1.1124,1.1533,1.1771,1.1898,1.2146,0.87071,0.85984,0.83391,0.78502,0.73641,0.71186,0.71888,0.7323,0.74346,0.77772,0.81788,0.85748,0.88962,0.89119,0.90551
3,0.4254,0.41612,0.42027,0.44087,0.45413,0.462,0.47686,0.51316,0.55283,0.59333,0.5821,0.58002,0.58952,0.60412,0.66639,1.0507,1.0192,1.0069,1.0273,1.0356,1.0559,1.078,1.1124,1.1533,1.1771,1.1898,1.2146,1.2229,1.2213,1.2152,0.78502,0.73641,0.71186,0.71888,0.7323,0.74346,0.77772,0.81788,0.85748,0.88962,0.89119,0.90551,0.92316,0.94501,0.94662
0,0.44087,0.45413,0.462,0.47686,0.51316,0.55283,0.59333,0.5821,0.58002,0.58952,0.60412,0.66639,0.73162,0.84149,0.93849,1.0273,1.0356,1.0559,1.078,1.1124,1.1533,1.1771,1.1898,1.2146,1.2229,1.2213,1.2152,1.179,1.1881,1.1837,0.71888,0.7323,0.74346,0.77772,0.81788,0.85748,0.88962,0.89119,0.90551,0.92316,0.94501,0.94662,0.92022,0.94826,0.95536
3,0.47686,0.51316,0.55283,0.59333,0.5821,0.58002,0.58952,0.60412,0.66639,0.73162,0.84149,0.93849,0.99859,1.016,1.0493,1.078,1.1124,1.1533,1.1771,1.1898,1.2146,1.2229,1.2213,1.2152,1.179,1.1881,1.1837,1.1618,1.1407,1.1673,0.77772,0.81788,0.85748,0.88962,0.89119,0.90551,0.92316,0.94501,0.94662,0.92022,0.94826,0.95536,0.94379,0.90345,0.9062
6,0.59333,0.5821,0.58002,0.58952,0.60412,0.66639,0.73162,0.84149,0.93849,0.99859,1.016,1.0493,1.0927,1.0931,1.1189,1.1771,1.1898,1.2146,1.2229,1.2213,1.2152,1.179,1.1881,1.1837,1.1618,1.1407,1.1673,1.2259,1.2372,1.2126,0.88962,0.89119,0.90551,0.92316,0.94501,0.94662,0.92022,0.94826,0.95536,0.94379,0.90345,0.9062,0.91464,0.91168,0.90438
4,0.58952,0.60412,0.66639,0.73162,0.84149,0.93849,0.99859,1.016,1.0493,1.0927,1.0931,1.1189,1.1507,1.1503,1.1397,1.2229,1.2213,1.2152,1.179,1.1881,1.1837,1.1618,1.1407,1.1673,1.2259,1.2372,1.2126,1.1886,1.1559,1.131,0.92316,0.94501,0.94662,0.92022,0.94826,0.95536,0.94379,0.90345,0.9062,0.91464,0.91168,0.90438,0.89744,0.89429,0.87179
2,0.73162,0.84149,0.93849,0.99859,1.016,1.0493,1.0927,1.0931,1.1189,1.1507,1.1503,1.1397,1.1262,1.132,1.1261,1.179,1.1881,1.1837,1.1618,1.1407,1.1673,1.2259,1.2372,1.2126,1.1886,1.1559,1.131,1.1083,1.0838,1.0697,0.92022,0.94826,0.95536,0.94379,0.90345,0.9062,0.91464,0.91168,0.90438,0.89744,0.89429,0.87179,0.87403,0.89948,0.92533
3,0.99859,1.016,1.0493,1.0927,1.0931,1.1189,1.1507,1.1503,1.1397,1.1262,1.132,1.1261,1.1263,1.1122,1.0935,1.1618,1.1407,1.1673,1.2259,1.2372,1.2126,1.1886,1.1559,1.131,1.1083,1.0838,1.0697,1.0685,1.04,0.99823,0.94379,0.90345,0.9062,0.91464,0.91168,0.90438,0.89744,0.89429,0.87179,0.87403,0.89948,0.92533,0.96965,1.0083,1.0411
6,1.0927,1.0931,1.1189,1.1507,1.1503,1.1397,1.1262,1.132,1.1261,1.1263,1.1122,1.0935,1.0708,1.0482,1.0491,1.2259,1.2372,1.2126,1.1886,1.1559,1.131,1.1083,1.0838,1.0697,1.0685,1.04,0.99823,0.96223,0.9188,0.87242,0.91464,0.91168,0.90438,0.89744,0.89429,0.87179,0.87403,0.89948,0.92533,0.96965,1.0083,1.0411,1.0709,1.0958,1.1139
4,1.1507,1.1503,1.1397,1.1262,1.132,1.1261,1.1263,1.1122,1.0935,1.0708,1.0482,1.0491,1.0365,1.0229,1.0241,1.1886,1.1559,1.131,1.1083,1.0838,1.0697,1.0685,1.04,0.99823,0.96223,0.9188,0.87242,0.81646,0.78208,0.72581,0.89744,0.89429,0.87179,0.87403,0.89948,0.92533,0.96965,1.0083,1.0411,1.0709,1.0958,1.1139,1.1082,1.1435,1.1868
5,1.1262,1.132,1.1261,1.1263,1.1122,1.0935,1.0708,1.0482,1.0491,1.0365,1.0229,1.0241,0.99266,0.94668,0.86735,1.1083,1.0838,1.0697,1.0685,1.04,0.99823,0.96223,0.9188,0.87242,0.81646,0.78208,0.72581,0.72609,0.74768,0.75396,0.87403,0.89948,0.92533,0.96965,1.0083,1.0411,1.0709,1.0958,1.1139,1.1082,1.1435,1.1868,1.2055,1.2049,1.2202
6,1.1263,1.1122,1.0935,1.0708,1.0482,1.0491,1.0365,1.0229,1.0241,0.99266,0.94668,0.86735,0.77034,0.67468,0.59145,1.0685,1.04,0.99823,0.96223,0.9188,0.87242,0.81646,0.78208,0.72581,0.72609,0.74768,0.75396,0.76078,0.7769,0.77998,0.96965,1.0083,1.0411,1.0709,1.0958,1.1139,1.1082,1.1435,1.1868,1.2055,1.2049,1.2202,1.2243,1.2183,1.2225
2,1.0708,1.0482,1.0491,1.0365,1.0229,1.0241,0.99266,0.94668,0.86735,0.77034,0.67468,0.59145,0.5096,0.44555,0.39383,0.96223,0.9188,0.87242,0.81646,0.78208,0.72581,0.72609,0.74768,0.75396,0.76078,0.7769,0.77998,0.79273,0.79435,0.79299,1.0709,1.0958,1.1139,1.1082,1.1435,1.1868,1.2055,1.2049,1.2202,1.2243,1.2183,1.2225,1.2292,1.2109,1.1893
5,1.0365,1.0229,1.0241,0.99266,0.94668,0.86735,0.77034,0.67468,0.59145,0.5096,0.44555,0.39383,0.36373,0.34398,0.33722,0.81646,0.78208,0.72581,0.72609,0.74768,0.75396,0.76078,0.7769,0.77998,0.79273,0.79435,0.79299,0.76924,0.74842,0.74023,1.1082,1.1435,1.1868,1.2055,1.2049,1.2202,1.2243,1.2183,1.2225,1.2292,1.2109,1.1893,1.1657,1.1432,1.1345
0,0.99266,0.94668,0.86735,0.77034,0.67468,0.59145,0.5096,0.44555,0.39383,0.36373,0.34398,0.33722,0.33511,0.3078,0.24954,0.72609,0.74768,0.75396,0.76078,0.7769,0.77998,0.79273,0.79435,0.79299,0.76924,0.74842,0.74023,0.74141,0.77154,0.79981,1.2055,1.2049,1.2202,1.2243,1.2183,1.2225,1.2292,1.2109,1.1893,1.1657,1.1432,1.1345,1.133,1.1757,1.2148
1,0.77034,0.67468,0.59145,0.5096,0.44555,0.39383,0.36373,0.34398,0.33722,0.33511,0.3078,0.24954,0.18888,0.10837,0.04604,0.76078,0.7769,0.77998,0.79273,0.79435,0.79299,0.76924,0.74842,0.74023,0.74141,0.77154,0.79981,0.82211,0.82727,0.84073,1.2243,1.2183,1.2225,1.2292,1.2109,1.1893,1.1657,1.1432,1.1345,1.133,1.1757,1.2148,1.2165,1.2396,1.2555
0,0.5096,0.44555,0.39383,0.36373,0.34398,0.33722,0.33511,0.3078,0.24954,0.18888,0.10837,0.04604,0.051519,0.094761,0.16345,0.79273,0.79435,0.79299,0.76924,0.74842,0.74023,0.74141,0.77154,0.79981,0.82211,0.82727,0.84073,0.89478,0.93788,0.97296,1.2292,1.2109,1.1893,1.1657,1.1432,1.1345,1.133,1.1757,1.2148,1.2165,1.2396,1.2555,1.3118,1.3464,1.3457
1,0.36373,0.34398,0.33722,0.33511,0.3078,0.24954,0.18888,0.10837,0.04604,0.051519,0.094761,0.16345,0.27177,0.39206,0.48774,0.76924,0.74842,0.74023,0.74141,0.77154,0.79981,0.82211,0.82727,0.84073,0.89478,0.93788,0.97296,0.99229,1.0339,1.0662,1.1657,1.1432,1.1345,1.133,1.1757,1.2148,1.2165,1.2396,1.2555,1.3118,1.3464,1.3457,1.3613,1.3861,1.3966
3,0.33511,0.3078,0.24954,0.18888,0.10837,0.04604,0.051519,0.094761,0.16345,0.27177,0.39206,0.48774,0.55253,0.5982,0.6393,0.74141,0.77154,0.79981,0.82211,0.82727,0.84073,0.89478,0.93788,0.97296,0.99229,1.0339,1.0662,1.0699,1.0857,1.1262,1.133,1.1757,1.2148,1.2165,1.2396,1.2555,1.3118,1.3464,1.3457,1.3613,1.3861,1.3966,1.3807,1.3657,1.3839
0,0.18888,0.10837,0.04604,0.051519,0.094761,0.16345,0.27177,0.39206,0.48774,0.55253,0.5982,0.6393,0.71714,0.84314,0.90105,0.82211,0.82727,0.84073,0.89478,0.93788,0.97296,0.99229,1.0339,1.0662,1.0699,1.0857,1.1262,1.146,1.1444,1.1523,1.2165,1.2396,1.2555,1.3118,1.3464,1.3457,1.3613,1.3861,1.3966,1.3807,1.3657,1.3839,1.3949,1.4133,1.4233
2,0.051519,0.094761,0.16345,0.27177,0.39206,0.48774,0.55253,0.5982,0.6393,0.71714,0.84314,0.90105,0.95095,1.0051,1.06,0.89478,0.93788,0.97296,0.99229,1.0339,1.0662,1.0699,1.0857,1.1262,1.146,1.1444,1.1523,1.1819,1.2076,1.2386,1.3118,1.3464,1.3457,1.3613,1.3861,1.3966,1.3807,1.3657,1.3839,1.3949,1.4133,1.4233,1.4262,1.4178,1.4329
4,0.27177,0.39206,0.48774,0.55253,0.5982,0.6393,0.71714,0.84314,0.90105,0.95095,1.0051,1.06,1.1256,1.1531,1.1932,0.99229,1.0339,1.0662,1.0699,1.0857,1.1262,1.146,1.1444,1.1523,1.1819,1.2076,1.2386,1.2563,1.2701,1.281,1.3613,1.3861,1.3966,1.3807,1.3657,1.3839,1.3949,1.4133,1.4233,1.4262,1.4178,1.4329,1.4254,1.4236,1.4263
2,0.55253,0.5982,0.6393,0.71714,0.84314,0.90105,0.95095,1.0051,1.06,1.1256,1.1531,1.1932,1.2083,1.2306,1.2334,1.0699,1.0857,1.1262,1.146,1.1444,1.1523,1.1819,1.2076,1.2386,1.2563,1.2701,1.281,1.2845,1.2882,1.2855,1.3807,1.3657,1.3839,1.3949,1.4133,1.4233,1.4262,1.4178,1.4329,1.4254,1.4236,1.4263,1.4098,1.427,1.4445
3,0.71714,0.84314,0.90105,0.95095,1.0051,1.06,1.1256,1.1531,1.1932,1.2083,1.2306,1.2334,1.2468,1.2188,1.1963,1.146,1.1444,1.1523,1.1819,1.2076,1.2386,1.2563,1.2701,1.281,1.2845,1.2882,1.2855,1.2708,1.2583,1.2438,1.3949,1.4133,1.4233,1.4262,1.4178,1.4329,1.4254,1.4236,1.4263,1.4098,1.427,1.4445,1.4341,1.4309,1.4295
5,0.95095,1.0051,1.06,1.1256,1.1531,1.1932,1.2083,1.2306,1.2334,1.2468,1.2188,1.1963,1.1854,1.1855,1.1807,1.1819,1.2076,1.2386,1.2563,1.2701,1.281,1.2845,1.2882,1.2855,1.2708,1.2583,1.2438,1.2472,1.2539,1.2483,1.4262,1.4178,1.4329,1.4254,1.4236,1.4263,1.4098,1.427,1.4445,1.4341,1.4309,1.4295,1.4226,1.4269,1.4224
7,1.1256,1.1531,1.1932,1.2083,1.2306,1.2334,1.2468,1.2188,1.1963,1.1854,1.1855,1.1807,1.1639,1.1259,1.1002,1.2563,1.2701,1.281,1.2845,1.2882,1.2855,1.2708,1.2583,1.2438,1.2472,1.2539,1.2483,1.2317,1.1957,1.1917,1.4254,1.4236,1.4263,1.4098,1.427,1.4445,1.4341,1.4309,1.4295,1.4226,1.4269,1.4224,1.4064,1.3697,1.3601
5,1.2083,1.2306,1.2334,1.2468,1.2188,1.1963,1.1854,1.1855,1.1807,1.1639,1.1259,1.1002,1.0659,1.0538,1.0217,1.2845,1.2882,1.2855,1.2708,1.2583,1.2438,1.2472,1.2539,1.2483,1.2317,1.1957,1.1917,1.189,1.2237,1.2415,1.4098,1.427,1.4445,1.4341,1.4309,1.4295,1.4226,1.4269,1.4224,1.4064,1.3697,1.3601,1.3599,1.3839,1.4021
7,1.2468,1.2188,1.1963,1.1854,1.1855,1.1807,1.1639,1.1259,1.1002,1.0659,1.0538,1.0217,0.94457,0.89047,0.8245,1.2708,1.2583,1.2438,1.2472,1.2539,1.2483,1.2317,1.1957,1.1917,1.189,1.2237,1.2415,1.2547,1.2691,1.2871,1.4341,1.4309,1.4295,1.4226,1.4269,1.4224,1.4064,1.3697,1.3601,1.3599,1.3839,1.4021,1.3831,1.3701,1.3864
7,1.1854,1.1855,1.1807,1.1639,1.1259,1.1002,1.0659,1.0538,1.0217,0.94457,0.89047,0.8245,0.77811,0.73465,0.64857,1.2472,1.2539,1.2483,1.2317,1.1957,1.1917,1.189,1.2237,1.2415,1.2547,1.2691,1.2871,1.2983,1.2991,1.3151,1.4226,1.4269,1.4224,1.4064,1.3697,1.3601,1.3599,1.3839,1.4021,1.3831,1.3701,1.3864,1.3775,1.3666,1.3479
6,1.1639,1.1259,1.1002,1.0659,1.0538,1.0217,0.94457,0.89047,0.8245,0.77811,0.73465,0.64857,0.52218,0.4679,0.42503,1.2317,1.1957,1.1917,1.189,1.2237,1.2415,1.2547,1.2691,1.2871,1.2983,1.2991,1.3151,1.344,1.3347,1.3085,1.4064,1.3697,1.3601,1.3599,1.3839,1.4021,1.3831,1.3701,1.3864,1.3775,1.3666,1.3479,1.3514,1.3476,1.3385
6,1.0659,1.0538,1.0217,0.94457,0.89047,0.8245,0.77811,0.73465,0.64857,0.52218,0.4679,0.42503,0.38614,0.36093,0.31043,1.189,1.2237,1.2415,1.2547,1.2691,1.2871,1.2983,1.2991,1.3151,1.344,1.3347,1.3085,1.305,1.3137,1.2879,1.3599,1.3839,1.4021,1.3831,1.3701,1.3864,1.3775,1.3666,1.3479,1.3514,1.3476,1.3385,1.3526,1.3697,1.3721
0,0.94457,0.89047,0.8245,0.77811,0.73465,0.64857,0.52218,0.4679,0.42503,0.38614,0.36093,0.31043,0.28487,0.23178,0.23456,1.2547,1.2691,1.2871,1.2983,1.2991,1.3151,1.344,1.3347,1.3085,1.305,1.3137,1.2879,1.2545,1.2028,1.2031,1.3831,1.3701,1.3864,1.3775,1.3666,1.3479,1.3514,1.3476,1.3385,1.3526,1.3697,1.3721,1.3745,1.3245,1.3467
2,0.77811,0.73465,0.64857,0.52218,0.4679,0.42503,0.38614,0.36093,0.31043,0.28487,0.23178,0.23456,0.26203,0.30382,0.34677,1.2983,1.2991,1.3151,1.344,1.3347,1.3085,1.305,1.3137,1.2879,1.2545,1.2028,1.2031,1.1915,1.2014,1.2149,1.3775,1.3666,1.3479,1.3514,1.3476,1.3385,1.3526,1.3697,1.3721,1.3745,1.3245,1.3467,1.3472,1.3557,1.3658
1,0.52218,0.4679,0.42503,0.38614,0.36093,0.31043,0.28487,0.23178,0.23456,0.26203,0.30382,0.34677,0.39353,0.43291,0.47948,1.344,1.3347,1.3085,1.305,1.3137,1.2879,1.2545,1.2028,1.2031,1.1915,1.2014,1.2149,1.2296,1.235,1.2254,1.3514,1.3476,1.3385,1.3526,1.3697,1.3721,1.3745,1.3245,1.3467,1.3472,1.3557,1.3658,1.3803,1.3901,1.383
3,0.38614,0.36093,0.31043,0.28487,0.23178,0.23456,0.26203,0.30382,0.34677,0.39353,0.43291,0.47948,0.54242,0.64429,0.72401,1.305,1.3137,1.2879,1.2545,1.2028,1.2031,1.1915,1.2014,1.2149,1.2296,1.235,1.2254,1.2239,1.27,1.2951,1.3526,1.3697,1.3721,1.3745,1.3245,1.3467,1.3472,1.3557,1.3658,1.3803,1.3901,1.383,1.3522,1.3223,1.2556
7,0.28487,0.23178,0.23456,0.26203,0.30382,0.34677,0.39353,0.43291,0.47948,0.54242,0.64429,0.72401,0.78142,0.8362,0.87609,1.2545,1.2028,1.2031,1.1915,1.2014,1.2149,1.2296,1.235,1.2254,1.2239,1.27,1.2951,1.3058,1.3101,1.3317,1.3745,1.3245,1.3467,1.3472,1.3557,1.3658,1.3803,1.3901,1.383,1.3522,1.3223,1.2556,1.1675,1.1087,1.0779
3,0.26203,0.30382,0.34677,0.39353,0.43291,0.47948,0.54242,0.64429,0.72401,0.78142,0.8362,0.87609,0.86603,0.85423,0.86877,1.1915,1.2014,1.2149,1.2296,1.235,1.2254,1.2239,1.27,1.2951,1.3058,1.3101,1.3317,1.3228,1.3099,1.3153,1.3472,1.3557,1.3658,1.3803,1.3901,1.383,1.3522,1.3223,1.2556,1.1675,1.1087,1.0779,1.0251,0.96343,0.89135
2,0.39353,0.43291,0.47948,0.54242,0.64429,0.72401,0.78142,0.8362,0.87609,0.86603,0.85423,0.86877,0.87978,0.89017,0.9458,1.2296,1.235,1.2254,1.2239,1.27,1.2951,1.3058,1.3101,1.3317,1.3228,1.3099,1.3153,1.2781,1.2318,1.2093,1.3803,1.3901,1.383,1.3522,1.3223,1.2556,1.1675,1.1087,1.0779,1.0251,0.96343,0.89135,0.80527,0.67281,0.58109
7,0.54242,0.64429,0.72401,0.78142,0.8362,0.87609,0.86603,0.85423,0.86877,0.87978,0.89017,0.9458,1.0005,1.0633,1.1394,1.2239,1.27,1.2951,1.3058,1.3101,1.3317,1.3228,1.3099,1.3153,1.2781,1.2318,1.2093,1.2084,1.2107,1.2237,1.3522,1.3223,1.2556,1.1675,1.1087,1.0779,1.0251,0.96343,0.89135,0.80527,0.67281,0.58109,0.51324,0.48299,0.49717
0,0.78142,0.8362,0.87609,0.86603,0.85423,0.86877,0.87978,0.89017,0.9458,1.0005,1.0633,1.1394,1.1741,1.197,1.2255,1.3058,1.3101,1.3317,1.3228,1.3099,1.3153,1.2781,1.2318,1.2093,1.2084,1.2107,1.2237,1.2202,1.2104,1.1994,1.1675,1.1087,1.0779,1.0251,0.96343,0.89135,0.80527,0.67281,0.58109,0.51324,0.48299,0.49717,0.49288,0.48552,0.47511
6,0.86603,0.85423,0.86877,0.87978,0.89017,0.9458,1.0005,1.0633,1.1394,1.1741,1.197,1.2255,1.2535,1.2798,1.3042,1.3228,1.3099,1.3153,1.2781,1.2318,1.2093,1.2084,1.2107,1.2237,1.2202,1.2104,1.1994,1.1721,1.152,1.1207,1.0251,0.96343,0.89135,0.80527,0.67281,0.58109,0.51324,0.48299,0.49717,0.49288,0.48552,0.47511,0.46868,0.45968,0.44871
4,0.87978,0.89017,0.9458,1.0005,1.0633,1.1394,1.1741,1.197,1.2255,1.2535,1.2798,1.3042,1.3787,1.4016,1.4121,1.2781,1.2318,1.2093,1.2084,1.2107,1.2237,1.2202,1.2104,1.1994,1.1721,1.152,1.1207,1.1495,1.137,1.1189,0.80527,0.67281,0.58109,0.51324,0.48299,0.49717,0.49288,0.48552,0.47511,0.46868,0.45968,0.44871,0.53976,0.57223,0.62412
6,1.0005,1.0633,1.1394,1.1741,1.197,1.2255,1.2535,1.2798,1.3042,1.3787,1.4016,1.4121,1.4064,1.3969,1.4017,1.2084,1.2107,1.2237,1.2202,1.2104,1.1994,1.1721,1.152,1.1207,1.1495,1.137,1.1189,1.1033,1.0949,1.1102,0.51324,0.48299,0.49717,0.49288,0.48552,0.47511,0.46868,0.45968,0.44871,0.53976,0.57223,0.62412,0.67943,0.72998,0.79262
6,1.1741,1.197,1.2255,1.2535,1.2798,1.3042,1.3787,1.4016,1.4121,1.4064,1.3969,1.4017,1.4166,1.3885,1.3638,1.2202,1.2104,1.1994,1.1721,1.152,1.1207,1.1495,1.137,1.1189,1.1033,1.0949,1.1102,1.113,1.1105,1.1203,0.49288,0.48552,0.47511,0.46868,0.45968,0.44871,0.53976,0.57223,0.62412,0.67943,0.72998,0.79262,0.82603,0.83773,0.83783
2,1.2535,1.2798,1.3042,1.3787,1.4016,1.4121,1.4064,1.3969,1.4017,1.4166,1.3885,1.3638,1.3421,1.3307,1.3044,1.1721,1.152,1.1207,1.1495,1.137,1.1189,1.1033,1.0949,1.1102,1.113,1.1105,1.1203,1.1308,1.1343,1.1464,0.46868,0.45968,0.44871,0.53976,0.57223,0.62412,0.67943,0.72998,0.79262,0.82603,0.83773,0.83783,0.85985,0.88137,0.90181
0,1.3787,1.4016,1.4121,1.4064,1.3969,1.4017,1.4166,1.3885,1.3638,1.3421,1.3307,1.3044,1.2778,1.2317,1.1959,1.1495,1.137,1.1189,1.1033,1.0949,1.1102,1.113,1.1105,1.1203,1.1308,1.1343,1.1464,1.1381,1.1326,1.1097,0.53976,0.57223,0.62412,0.67943,0.72998,0.79262,0.82603,0.83773,0.83783,0.85985,0.88137,0.90181,0.93024,0.93966,0.95992
6,1.4064,1.3969,1.4017,1.4166,1.3885,1.3638,1.3421,1.3307,1.3044,1.2778,1.2317,1.1959,1.1755,1.1752,1.1827,1.1033,1.0949,1.1102,1.113,1.1105,1.1203,1.1308,1.1343,1.1464,1.1381,1.1326,1.1097,1.1008,1.1044,1.1006,0.67943,0.72998,0.79262,0.82603,0.83773,0.83783,0.85985,0.88137,0.90181,0.93024,0.93966,0.95992,0.99097,1.015,1.067
7,1.4166,1.3885,1.3638,1.3421,1.3307,1.3044,1.2778,1.2317,1.1959,1.1755,1.1752,1.1827,1.2006,1.2305,1.2525,1.113,1.1105,1.1203,1.1308,1.1343,1.1464,1.1381,1.1326,1.1097,1.1008,1.1044,1.1006,1.118,1.1164,1.1378,0.82603,0.83773,0.83783,0.85985,0.88137,0.90181,0.93024,0.93966,0.95992,0.99097,1.015,1.067,1.0986,1.1607,1.1817
4,1.3421,1.3307,1.3044,1.2778,1.2317,1.1959,1.1755,1.1752,1.1827,1.2006,1.2305,1.2525,1.27,1.272,1.2728,1.1308,1.1343,1.1464,1.1381,1.1326,1.1097,1.1008,1.1044,1.1006,1.118,1.1164,1.1378,1.1278,1.0838,1.0341,0.85985,0.88137,0.90181,0.93024,0.93966,0.95992,0.99097,1.015,1.067,1.0986,1.1607,1.1817,1.2134,1.2183,1.1981
5,1.2778,1.2317,1.1959,1.1755,1.1752,1.1827,1.2006,1.2305,1.2525,1.27,1.272,1.2728,1.2653,1.291,1.3081,1.1381,1.1326,1.1097,1.1008,1.1044,1.1006,1.118,1.1164,1.1378,1.1278,1.0838,1.0341,0.99351,0.96912,0.97619,0.93024,0.93966,0.95992,0.99097,1.015,1.067,1.0986,1.1607,1.1817,1.2134,1.2183,1.1981,1.1706,1.1423,1.1376
5,1.1755,1.1752,1.1827,1.2006,1.2305,1.2525,1.27,1.272,1.2728,1.2653,1.291,1.3081,1.3065,1.268,1.231,1.1008,1.1044,1.1006,1.118,1.1164,1.1378,1.1278,1.0838,1.0341,0.99351,0.96912,0.97619,1.008,1.0522,1.0962,0.99097,1.015,1.067,1.0986,1.1607,1.1817,1.2134,1.2183,1.1981,1.1706,1.1423,1.1376,1.1366,1.0979,1.0502
6,1.2006,1.2305,1.2525,1.27,1.272,1.2728,1.2653,1.291,1.3081,1.3065,1.268,1.231,1.1707,1.1111,1.0905,1.118,1.1164,1.1378,1.1278,1.0838,1.0341,0.99351,0.96912,0.97619,1.008,1.0522,1.0962,1.1234,1.141,1.1346,1.0986,1.1607,1.1817,1.2134,1.2183,1.1981,1.1706,1.1423,1.1376,1.1366,1.0979,1.0502,0.99278,0.92704,0.87236
2,1.27,1.272,1.2728,1.2653,1.291,1.3081,1.3065,1.268,1.231,1.1707,1.1111,1.0905,1.0802,1.0876,1.1173,1.1278,1.0838,1.0341,0.99351,0.96912,0.97619,1.008,1.0522,1.0962,1.1234,1.141,1.1346,1.1161,1.1074,1.0839,1.2134,1.2183,1.1981,1.1706,1.1423,1.1376,1.1366,1.0979,1.0502,0.99278,0.92704,0.87236,0.80456,0.77054,0.76963
2,1.2653,1.291,1.3081,1.3065,1.268,1.231,1.1707,1.1111,1.0905,1.0802,1.0876,1.1173,1.1449,1.1988,1.2334,0.99351,0.96912,0.97619,1.008,1.0522,1.0962,1.1234,1.141,1.1346,1.1161,1.1074,1.0839,1.0651,1.0288,0.97161,1.1706,1.1423,1.1376,1.1366,1.0979,1.0502,0.99278,0.92704,0.87236,0.80456,0.77054,0.76963,0.84052,0.87476,0.87469
1,1.3065,1.268,1.231,1.1707,1.1111,1.0905,1.0802,1.0876,1.1173,1.1449,1.1988,1.2334,1.296,1.3541,1.3932,1.008,1.0522,1.0962,1.1234,1.141,1.1346,1.1161,1.1074,1.0839,1.0651,1.0288,0.97161,0.92267,0.86393,0.81725,1.1366,1.0979,1.0502,0.99278,0.92704,0.87236,0.80456,0.77054,0.76963,0.84052,0.87476,0.87469,0.88703,0.88814,0.9078
7,1.1707,1.1111,1.0905,1.0802,1.0876,1.1173,1.1449,1.1988,1.2334,1.296,1.3541,1.3932,1.4317,1.4351,1.4435,1.1234,1.141,1.1346,1.1161,1.1074,1.0839,1.0651,1.0288,0.97161,0.92267,0.86393,0.81725,0.79747,0.78363,0.77601,0.99278,0.92704,0.87236,0.80456,0.77054,0.76963,0.84052,0.87476,0.87469,0.88703,0.88814,0.9078,0.92762,0.93425,0.93941
4,1.0802,1.0876,1.1173,1.1449,1.1988,1.2334,1.296,1.3541,1.3932,1.4317,1.4351,1.4435,1.4708,1.5016,1.5211,1.1161,1.1074,1.0839,1.0651,1.0288,0.97161,0.92267,0.86393,0.81725,0.79747,0.78363,0.77601,0.78135,0.75643,0.7241,0.80456,0.77054,0.76963,0.84052,0.87476,0.87469,0.88703,0.88814,0.9078,0.92762,0.93425,0.93941,0.95215,0.95075,0.90646
4,1.1449,1.1988,1.2334,1.296,1.3541,1.3932,1.4317,1.4351,1.4435,1.4708,1.5016,1.5211,1.5172,1.5401,1.5119,1.0651,1.0288,0.97161,0.92267,0.86393,0.81725,0.79747,0.78363,0.77601,0.78135,0.75643,0.7241,0.66873,0.63257,0.6056,0.84052,0.87476,0.87469,0.88703,0.88814,0.9078,0.92762,0.93425,0.93941,0.95215,0.95075,0.90646,0.87529,0.85621,0.84135
6,1.296,1.3541,1.3932,1.4317,1.4351,1.4435,1.4708,1.5016,1.5211,1.5172,1.5401,1.5119,1.4662,1.4828,1.4911,0.92267,0.86393,0.81725,0.79747,0.78363,0.77601,0.78135,0.75643,0.7241,0.66873,0.63257,0.6056,0.60099,0.61686,0.60523,0.88703,0.88814,0.9078,0.92762,0.93425,0.93941,0.95215,0.95075,0.90646,0.87529,0.85621,0.84135,0.83741,0.85114,0.88909
2,1.4317,1.4351,1.4435,1.4708,1.5016,1.5211,1.5172,1.5401,1.5119,1.4662,1.4828,1.4911,1.5063,1.5105,1.4941,0.79747,0.78363,0.77601,0.78135,0.75643,0.7241,0.66873,0.63257,0.6056,0.60099,0.61686,0.60523,0.59744,0.59106,0.59371,0.92762,0.93425,0.93941,0.95215,0.95075,0.90646,0.87529,0.85621,0.84135,0.83741,0.85114,0.88909,0.94837,0.98313,1.0354
4,1.4708,1.5016,1.5211,1.5172,1.5401,1.5119,1.4662,1.4828,1.4911,1.5063,1.5105,1.4941,1.48,1.4521,1.4321,0.78135,0.75643,0.7241,0.66873,0.63257,0.6056,0.60099,0.61686,0.60523,0.59744,0.59106,0.59371,0.59237,0.58347,0.58487,0.95215,0.95075,0.90646,0.87529,0.85621,0.84135,0.83741,0.85114,0.88909,0.94837,0.98313,1.0354,1.0724,1.1079,1.1171
5,1.5172,1.5401,1.5119,1.4662,1.4828,1.4911,1.5063,1.5105,1.4941,1.48,1.4521,1.4321,1.372,1.3448,1.3103,0.66873,0.63257,0.6056,0.60099,0.61686,0.60523,0.59744,0.59106,0.59371,0.59237,0.58347,0.58487,0.58241,0.58678,0.60344,0.87529,0.85621,0.84135,0.83741,0.85114,0.88909,0.94837,0.98313,1.0354,1.0724,1.1079,1.1171,1.1285,1.1319,1.1255
0,1.4662,1.4828,1.4911,1.5063,1.5105,1.4941,1.48,1.4521,1.4321,1.372,1.3448,1.3103,1.2862,1.2635,1.1867,0.60099,0.61686,0.60523,0.59744,0.59106,0.59371,0.59237,0.58347,0.58487,0.58241,0.58678,0.60344,0.59869,0.61085,0.63375,0.83741,0.85114,0.88909,0.94837,0.98313,1.0354,1.0724,1.1079,1.1171,1.1285,1.1319,1.1255,1.1161,1.146,1.1426
5,1.5063,1.5105,1.4941,1.48,1.4521,1.4321,1.372,1.3448,1.3103,1.2862,1.2635,1.1867,1.1628,1.1765,1.1676,0.59744,0.59106,0.59371,0.59237,0.58347,0.58487,0.58241,0.58678,0.60344,0.59869,0.61085,0.63375,0.67637,0.7104,0.75929,0.94837,0.98313,1.0354,1.0724,1.1079,1.1171,1.1285,1.1319,1.1255,1.1161,1.146,1.1426,1.189,1.2182,1.2643
4,1.48,1.4521,1.4321,1.372,1.3448,1.3103,1.2862,1.2635,1.1867,1.1628,1.1765,1.1676,1.1454,1.1025,1.0544,0.59237,0.58347,0.58487,0.58241,0.58678,0.60344,0.59869,0.61085,0.63375,0.67637,0.7104,0.75929,0.81397,0.85629,0.8918,1.0724,1.1079,1.1171,1.1285,1.1319,1.1255,1.1161,1.146,1.1426,1.189,1.2182,1.2643,1.3025,1.3343,1.3386
1,1.372,1.3448,1.3103,1.2862,1.2635,1.1867,1.1628,1.1765,1.1676,1.1454,1.1025,1.0544,1.0045,0.96698,0.92225,0.58241,0.58678,0.60344,0.59869,0.61085,0.63375,0.67637,0.7104,0.75929,0.81397,0.85629,0.8918,0.91891,0.94785,0.95622,1.1285,1.1319,1.1255,1.1161,1.146,1.1426,1.189,1.2182,1.2643,1.3025,1.3343,1.3386,1.3432,1.3235,1.3179
4,1.2862,1.2635,1.1867,1.1628,1.1765,1.1676,1.1454,1.1025,1.0544,1.0045,0.96698,0.92225,0.90206,0.87397,0.90939,0.59869,0.61085,0.63375,0.67637,0.7104,0.75929,0.81397,0.85629,0.8918,0.91891,0.94785,0.95622,0.96438,0.99996,1.0566,1.1161,1.146,1.1426,1.189,1.2182,1.2643,1.3025,1.3343,1.3386,1.3432,1.3235,1.3179,1.3019,1.2888,1.3082
5,1.1628,1.1765,1.1676,1.1454,1.1025,1.0544,1.0045,0.96698,0.92225,0.90206,0.87397,0.90939,0.98425,1.0071,0.99908,0.67637,0.7104,0.75929,0.81397,0.85629,0.8918,0.91891,0.94785,0.95622,0.96438,0.99996,1.0566,1.1412,1.163,1.1565,1.189,1.2182,1.2643,1.3025,1.3343,1.3386,1.3432,1.3235,1.3179,1.3019,1.2888,1.3082,1.3599,1.3071,1.2293
2,1.1454,1.1025,1.0544,1.0045,0.96698,0.92225,0.90206,0.87397,0.90939,0.98425,1.0071,0.99908,0.99292,0.9757,0.98233,0.81397,0.85629,0.8918,0.91891,0.94785,0.95622,0.96438,0.99996,1.0566,1.1412,1.163,1.1565,1.147,1.1528,1.1626,1.3025,1.3343,1.3386,1.3432,1.3235,1.3179,1.3019,1.2888,1.3082,1.3599,1.3071,1.2293,1.223,1.1943,1.1979
2,1.0045,0.96698,0.92225,0.90206,0.87397,0.90939,0.98425,1.0071,0.99908,0.99292,0.9757,0.98233,1.004,1.0243,1.0394,0.91891,0.94785,0.95622,0.96438,0.99996,1.0566,1.1412,1.163,1.1565,1.147,1.1528,1.1626,1.1829,1.1896,1.1865,1.3432,1.3235,1.3179,1.3019,1.2888,1.3082,1.3599,1.3071,1.2293,1.223,1.1943,1.1979,1.2185,1.2282,1.2679
0,0.90206,0.87397,0.90939,0.98425,1.0071,0.99908,0.99292,0.9757,0.98233,1.004,1.0243,1.0394,1.0732,1.0752,1.0905,0.96438,0.99996,1.0566,1.1412,1.163,1.1565,1.147,1.1528,1.1626,1.1829,1.1896,1.1865,1.1813,1.1612,1.1367,1.3019,1.2888,1.3082,1.3599,1.3071,1.2293,1.223,1.1943,1.1979,1.2185,1.2282,1.2679,1.295,1.3145,1.3632
7,0.98425,1.0071,0.99908,0.99292,0.9757,0.98233,1.004,1.0243,1.0394,1.0732,1.0752,1.0905,1.1145,1.1372,1.1502,1.1412,1.163,1.1565,1.147,1.1528,1.1626,1.1829,1.1896,1.1865,1.1813,1.1612,1.1367,1.1057,1.0834,1.0696,1.3599,1.3071,1.2293,1.223,1.1943,1.1979,1.2185,1.2282,1.2679,1.295,1.3145,1.3632,1.3765,1.4278,1.4662
7,0.99292,0.9757,0.98233,1.004,1.0243,1.0394,1.0732,1.0752,1.0905,1.1145,1.1372,1.1502,1.1848,1.193,1.198,1.147,1.1528,1.1626,1.1829,1.1896,1.1865,1.1813,1.1612,1.1367,1.1057,1.0834,1.0696,1.0628,1.1083,1.1287,1.223,1.1943,1.1979,1.2185,1.2282,1.2679,1.295,1.3145,1.3632,1.3765,1.4278,1.4662,1.4903,1.531,1.5475
1,1.004,1.0243,1.0394,1.0732,1.0752,1.0905,1.1145,1.1372,1.1502,1.1848,1.193,1.198,1.1686,1.0881,0.99911,1.1829,1.1896,1.1865,1.1813,1.1612,1.1367,1.1057,1.0834,1.0696,1.0628,1.1083,1.1287,1.1382,1.0989,1.0762,1.2185,1.2282,1.2679,1.295,1.3145,1.3632,1.3765,1.4278,1.4662,1.4903,1.531,1.5475,1.5271,1.4752,1.3896
6,1.0732,1.0752,1.0905,1.1145,1.1372,1.1502,1.1848,1.193,1.198,1.1686,1.0881,0.99911,0.93075,0.89425,0.83699,1.1813,1.1612,1.1367,1.1057,1.0834,1.0696,1.0628,1.1083,1.1287,1.1382,1.0989,1.0762,1.0706,1.0916,1.1023,1.295,1.3145,1.3632,1.3765,1.4278,1.4662,1.4903,1.531,1.5475,1.5271,1.4752,1.3896,1.3267,1.3013,1.2677
6,1.1145,1.1372,1.1502,1.1848,1.193,1.198,1.1686,1.0881,0.99911,0.93075,0.89425,0.83699,0.83013,0.78746,0.76084,1.1057,1.0834,1.0696,1.0628,1.1083,1.1287,1.1382,1.0989,1.0762,1.0706,1.0916,1.1023,1.1254,1.1482,1.171,1.3765,1.4278,1.4662,1.4903,1.531,1.5475,1.5271,1.4752,1.3896,1.3267,1.3013,1.2677,1.2755,1.2447,1.2265
4,1.1848,1.193,1.198,1.1686,1.0881,0.99911,0.93075,0.89425,0.83699,0.83013,0.78746,0.76084,0.74159,0.71017,0.70271,1.0628,1.1083,1.1287,1.1382,1.0989,1.0762,1.0706,1.0916,1.1023,1.1254,1.1482,1.171,1.181,1.19,1.2154,1.4903,1.531,1.5475,1.5271,1.4752,1.3896,1.3267,1.3013,1.2677,1.2755,1.2447,1.2265,1.2001,1.1996,1.2041
7,1.1686,1.0881,0.99911,0.93075,0.89425,0.83699,0.83013,0.78746,0.76084,0.74159,0.71017,0.70271,0.65807,0.62475,0.59269,1.1382,1.0989,1.0762,1.0706,1.0916,1.1023,1.1254,1.1482,1.171,1.181,1.19,1.2154,1.1814,1.1733,1.2095,1.5271,1.4752,1.3896,1.3267,1.3013,1.2677,1.2755,1.2447,1.2265,1.2001,1.1996,1.2041,1.1931,1.189,1.2517
1,0.93075,0.89425,0.83699,0.83013,0.78746,0.76084,0.74159,0.71017,0.70271,0.65807,0.62475,0.59269,0.5704,0.50462,0.43355,1.0706,1.0916,1.1023,1.1254,1.1482,1.171,1.181,1.19,1.2154,1.1814,1.1733,1.2095,1.2145,1.1959,1.1984,1.3267,1.3013,1.2677,1.2755,1.2447,1.2265,1.2001,1.1996,1.2041,1.1931,1.189,1.2517,1.3017,1.3419,1.348
1,0.83013,0.78746,0.76084,0.74159,0.71017,0.70271,0.65807,0.62475,0.59269,0.5704,0.50462,0.43355,0.37821,0.33473,0.32677,1.1254,1.1482,1.171,1.181,1.19,1.2154,1.1814,1.1733,1.2095,1.2145,1.1959,1.1984,1.1741,1.1735,1.1856,1.2755,1.2447,1.2265,1.2001,1.1996,1.2041,1.1931,1.189,1.2517,1.3017,1.3419,1.348,1.3641,1.3357,1.2961
7,0.74159,0.71017,0.70271,0.65807,0.62475,0.59269,0.5704,0.50462,0.43355,0.37821,0.33473,0.32677,0.35762,0.39653,0.46607,1.181,1.19,1.2154,1.1814,1.1733,1.2095,1.2145,1.1959,1.1984,1.1741,1.1735,1.1856,1.218,1.2504,1.289,1.2001,1.1996,1.2041,1.1931,1.189,1.2517,1.3017,1.3419,1.348,1.3641,1.3357,1.2961,1.2712,1.2268,1.1873
0,0.65807,0.62475,0.59269,0.5704,0.50462,0.43355,0.37821,0.33473,0.32677,0.35762,0.39653,0.46607,0.49886,0.52694,0.52964,1.1814,1.1733,1.2095,1.2145,1.1959,1.1984,1.1741,1.1735,1.1856,1.218,1.2504,1.289,1.2989,1.3119,1.3303,1.1931,1.189,1.2517,1.3017,1.3419,1.348,1.3641,1.3357,1.2961,1.2712,1.2268,1.1873,1.1376,1.1081,1.0565
2,0.5704,0.50462,0.43355,0.37821,0.33473,0.32677,0.35762,0.39653,0.46607,0.49886,0.52694,0.52964,0.56575,0.57163,0.53949,1.2145,1.1959,1.1984,1.1741,1.1735,1.1856,1.218,1.2504,1.289,1.2989,1.3119,1.3303,1.3699,1.36,1.3434,1.3017,1.3419,1.348,1.3641,1.3357,1.2961,1.2712,1.2268,1.1873,1.1376,1.1081,1.0565,1.0657,1.0281,1.0094
2,0.37821,0.33473,0.32677,0.35762,0.39653,0.46607,0.49886,0.52694,0.52964,0.56575,0.57163,0.53949,0.54316,0.5818,0.65102,1.1741,1.1735,1.1856,1.218,1.2504,1.289,1.2989,1.3119,1.3303,1.3699,1.36,1.3434,1.3556,1.3795,1.3972,1.3641,1.3357,1.2961,1.2712,1.2268,1.1873,1.1376,1.1081,1.0565,1.0657,1.0281,1.0094,1.0173,1.0457,1.1069
6,0.35762,0.39653,0.46607,0.49886,0.52694,0.52964,0.56575,0.57163,0.53949,0.54316,0.5818,0.65102,0.70578,0.7727,0.787,1.218,1.2504,1.289,1.2989,1.3119,1.3303,1.3699,1.36,1.3434,1.3556,1.3795,1.3972,1.418,1.4087,1.3887,1.2712,1.2268,1.1873,1.1376,1.1081,1.0565,1.0657,1.0281,1.0094,1.0173,1.0457,1.1069,1.1456,1.2184,1.2458
3,0.49886,0.52694,0.52964,0.56575,0.57163,0.53949,0.54316,0.5818,0.65102,0.70578,0.7727,0.787,0.84143,0.88278,0.90642,1.2989,1.3119,1.3303,1.3699,1.36,1.3434,1.3556,1.3795,1.3972,1.418,1.4087,1.3887,1.3675,1.3362,1.3017,1.1376,1.1081,1.0565,1.0657,1.0281,1.0094,1.0173,1.0457,1.1069,1.1456,1.2184,1.2458,1.2967,1.325,1.3573
6,0.56575,0.57163,0.53949,0.54316,0.5818,0.65102,0.70578,0.7727,0.787,0.84143,0.88278,0.90642,0.90255,0.92406,0.92302,1.3699,1.36,1.3434,1.3556,1.3795,1.3972,1.418,1.4087,1.3887,1.3675,1.3362,1.3017,1.2795,1.2633,1.238,1.0657,1.0281,1.0094,1.0173,1.0457,1.1069,1.1456,1.2184,1.2458,1.2967,1.325,1.3573,1.3765,1.4071,1.4226
1,0.54316,0.5818,0.65102,0.70578,0.7727,0.787,0.84143,0.88278,0.90642,0.90255,0.92406,0.92302,0.90223,0.84819,0.84563,1.3556,1.3795,1.3972,1.418,1.4087,1.3887,1.3675,1.3362,1.3017,1.2795,1.2633,1.238,1.2177,1.1668,1.1511,1.0173,1.0457,1.1069,1.1456,1.2184,1.2458,1.2967,1.325,1.3573,1.3765,1.4071,1.4226,1.4107,1.3608,1.3449
6,0.70578,0.7727,0.787,0.84143,0.88278,0.90642,0.90255,0.92406,0.92302,0.90223,0.84819,0.84563,0.85769,0.87637,0.86364,1.418,1.4087,1.3887,1.3675,1.3362,1.3017,1.2795,1.2633,1.238,1.2177,1.1668,1.1511,1.147,1.1634,1.1475,1.1456,1.2184,1.2458,1.2967,1.325,1.3573,1.3765,1.4071,1.4226,1.4107,1.3608,1.3449,1.3834,1.395,1.3759
7,0.84143,0.88278,0.90642,0.90255,0.92406,0.92302,0.90223,0.84819,0.84563,0.85769,0.87637,0.86364,0.86589,0.87205,0.88547,1.3675,1.3362,1.3017,1.2795,1.2633,1.238,1.2177,1.1668,1.1511,1.147,1.1634,1.1475,1.1482,1.1539,1.1686,1.2967,1.325,1.3573,1.3765,1.4071,1.4226,1.4107,1.3608,1.3449,1.3834,1.395,1.3759,1.3869,1.4114,1.4249
0,0.90255,0.92406,0.92302,0.90223,0.84819,0.84563,0.85769,0.87637,0.86364,0.86589,0.87205,0.88547,0.88958,0.87233,0.84066,1.2795,1.2633,1.238,1.2177,1.1668,1.1511,1.147,1.1634,1.1475,1.1482,1.1539,1.1686,1.175,1.1611,1.134,1.3765,1.4071,1.4226,1.4107,1.3608,1.3449,1.3834,1.395,1.3759,1.3869,1.4114,1.4249,1.4306,1.4462,1.4275
7,0.90223,0.84819,0.84563,0.85769,0.87637,0.86364,0.86589,0.87205,0.88547,0.88958,0.87233,0.84066,0.8061,0.78663,0.80801,1.2177,1.1668,1.1511,1.147,1.1634,1.1475,1.1482,1.1539,1.1686,1.175,1.1611,1.134,1.1041,1.0822,1.061,1.4107,1.3608,1.3449,1.3834,1.395,1.3759,1.3869,1.4114,1.4249,1.4306,1.4462,1.4275,1.4014,1.3864,1.4176
7,0.85769,0.87637,0.86364,0.86589,0.87205,0.88547,0.88958,0.87233,0.84066,0.8061,0.78663,0.80801,0.818,0.8421,0.83708,1.147,1.1634,1.1475,1.1482,1.1539,1.1686,1.175,1.1611,1.134,1.1041,1.0822,1.061,1.0584,1.0724,1.0672,1.3834,1.395,1.3759,1.3869,1.4114,1.4249,1.4306,1.4462,1.4275,1.4014,1.3864,1.4176,1.4358,1.4481,1.4426
0,0.86589,0.87205,0.88547,0.88958,0.87233,0.84066,0.8061,0.78663,0.80801,0.818,0.8421,0.83708,0.8178,0.80506,0.78643,1.1482,1.1539,1.1686,1.175,1.1611,1.134,1.1041,1.0822,1.061,1.0584,1.0724,1.0672,1.0492,1.0078,0.98208,1.3869,1.4114,1.4249,1.4306,1.4462,1.4275,1.4014,1.3864,1.4176,1.4358,1.4481,1.4426,1.4189,1.3864,1.3606
7,0.88958,0.87233,0.84066,0.8061,0.78663,0.80801,0.818,0.8421,0.83708,0.8178,0.80506,0.78643,0.76578,0.7669,0.81059,1.175,1.1611,1.134,1.1041,1.0822,1.061,1.0584,1.0724,1.0672,1.0492,1.0078,0.98208,0.96078,0.95812,0.95957,1.4306,1.4462,1.4275,1.4014,1.3864,1.4176,1.4358,1.4481,1.4426,1.4189,1.3864,1.3606,1.3367,1.3342,1.3493
0,0.8061,0.78663,0.80801,0.818,0.8421,0.83708,0.8178,0.80506,0.78643,0.76578,0.7669,0.81059,0.82074,0.81819,0.81579,1.1041,1.0822,1.061,1.0584,1.0724,1.0672,1.0492,1.0078,0.98208,0.96078,0.95812,0.95957,0.97429,0.97372,0.95693,1.4014,1.3864,1.4176,1.4358,1.4481,1.4426,1.4189,1.3864,1.3606,1.3367,1.3342,1.3493,1.363,1.3639,1.3577
7,0.818,0.8421,0.83708,0.8178,0.80506,0.78643,0.76578,0.7669,0.81059,0.82074,0.81819,0.81579,0.81968,0.83747,0.83142,1.0584,1.0724,1.0672,1.0492,1.0078,0.98208,0.96078,0.95812,0.95957,0.97429,0.97372,0.95693,0.94025,0.99905,1.0041,1.4358,1.4481,1.4426,1.4189,1.3864,1.3606,1.3367,1.3342,1.3493,1.363,1.3639,1.3577,1.3559,1.3811,1.3496
0,0.8178,0.80506,0.78643,0.76578,0.7669,0.81059,0.82074,0.81819,0.81579,0.81968,0.83747,0.83142,0.81864,0.80696,0.77929,1.0492,1.0078,0.98208,0.96078,0.95812,0.95957,0.97429,0.97372,0.95693,0.94025,0.99905,1.0041,0.99074,0.98001,0.95498,1.4189,1.3864,1.3606,1.3367,1.3342,1.3493,1.363,1.3639,1.3577,1.3559,1.3811,1.3496,1.3343,1.3563,1.3304
7,0.76578,0.7669,0.81059,0.82074,0.81819,0.81579,0.81968,0.83747,0.83142,0.81864,0.80696,0.77929,0.7724,0.75977,0.79512,0.96078,0.95812,0.95957,0.97429,0.97372,0.95693,0.94025,0.99905,1.0041,0.99074,0.98001,0.95498,0.93605,0.88943,0.90651,1.3367,1.3342,1.3493,1.363,1.3639,1.3577,1.3559,1.3811,1.3496,1.3343,1.3563,1.3304,1.3233,1.3257,1.3643
0,0.82074,0.81819,0.81579,0.81968,0.83747,0.83142,0.81864,0.80696,0.77929,0.7724,0.75977,0.79512,0.87989,0.91367,0.92185,0.97429,0.97372,0.95693,0.94025,0.99905,1.0041,0.99074,0.98001,0.95498,0.93605,0.88943,0.90651,0.96384,1.0013,1.0118,1.363,1.3639,1.3577,1.3559,1.3811,1.3496,1.3343,1.3563,1.3304,1.3233,1.3257,1.3643,1.4513,1.4973,1.5311
7,0.81968,0.83747,0.83142,0.81864,0.80696,0.77929,0.7724,0.75977,0.79512,0.87989,0.91367,0.92185,0.90471,0.9022,0.93632,0.94025,0.99905,1.0041,0.99074,0.98001,0.95498,0.93605,0.88943,0.90651,0.96384,1.0013,1.0118,0.96507,0.9604,0.99428,1.3559,1.3811,1.3496,1.3343,1.3563,1.3304,1.3233,1.3257,1.3643,1.4513,1.4973,1.5311,1.5038,1.4987,1.5334
0,0.81864,0.80696,0.77929,0.7724,0.75977,0.79512,0.87989,0.91367,0.92185,0.90471,0.9022,0.93632,0.97124,0.93077,0.91094,0.99074,0.98001,0.95498,0.93605,0.88943,0.90651,0.96384,1.0013,1.0118,0.96507,0.9604,0.99428,1.0298,1.019,1.026,1.3343,1.3563,1.3304,1.3233,1.3257,1.3643,1.4513,1.4973,1.5311,1.5038,1.4987,1.5334,1.5823,1.5716,1.6125
7,0.7724,0.75977,0.79512,0.87989,0.91367,0.92185,0.90471,0.9022,0.93632,0.97124,0.93077,0.91094,0.90348,0.89448,0.89275,0.93605,0.88943,0.90651,0.96384,1.0013,1.0118,0.96507,0.9604,0.99428,1.0298,1.019,1.026,1.0022,1.0098,1.0107,1.3233,1.3257,1.3643,1.4513,1.4973,1.5311,1.5038,1.4987,1.5334,1.5823,1.5716,1.6125,1.6371,1.681,1.7328
0,0.87989,0.91367,0.92185,0.90471,0.9022,0.93632,0.97124,0.93077,0.91094,0.90348,0.89448,0.89275,0.85439,0.83997,0.7837,0.96384,1.0013,1.0118,0.96507,0.9604,0.99428,1.0298,1.019,1.026,1.0022,1.0098,1.0107,1.0025,1.0071,0.9836,1.4513,1.4973,1.5311,1.5038,1.4987,1.5334,1.5823,1.5716,1.6125,1.6371,1.681,1.7328,1.8006,1.8307,1.8341
7,0.90471,0.9022,0.93632,0.97124,0.93077,0.91094,0.90348,0.89448,0.89275,0.85439,0.83997,0.7837,0.76286,0.67573,0.64936,0.96507,0.9604,0.99428,1.0298,1.019,1.026,1.0022,1.0098,1.0107,1.0025,1.0071,0.9836,0.95255,0.91725,0.89607,1.5038,1.4987,1.5334,1.5823,1.5716,1.6125,1.6371,1.681,1.7328,1.8006,1.8307,1.8341,1.8542,1.8304,1.8063
0,0.97124,0.93077,0.91094,0.90348,0.89448,0.89275,0.85439,0.83997,0.7837,0.76286,0.67573,0.64936,0.67322,0.71914,0.73751,1.0298,1.019,1.026,1.0022,1.0098,1.0107,1.0025,1.0071,0.9836,0.95255,0.91725,0.89607,0.91999,0.95937,1.0151,1.5823,1.5716,1.6125,1.6371,1.681,1.7328,1.8006,1.8307,1.8341,1.8542,1.8304,1.8063,1.8253,1.8647,1.9032
5,0.90348,0.89448,0.89275,0.85439,0.83997,0.7837,0.76286,0.67573,0.64936,0.67322,0.71914,0.73751,0.72268,0.72255,0.74398,1.0022,1.0098,1.0107,1.0025,1.0071,0.9836,0.95255,0.91725,0.89607,0.91999,0.95937,1.0151,1.0275,1.045,1.0695,1.6371,1.681,1.7328,1.8006,1.8307,1.8341,1.8542,1.8304,1.8063,1.8253,1.8647,1.9032,1.9311,1.9251,1.9207
7,0.85439,0.83997,0.7837,0.76286,0.67573,0.64936,0.67322,0.71914,0.73751,0.72268,0.72255,0.74398,0.77046,0.8206,0.85035,1.0025,1.0071,0.9836,0.95255,0.91725,0.89607,0.91999,0.95937,1.0151,1.0275,1.045,1.0695,1.0958,1.1387,1.1661,1.8006,1.8307,1.8341,1.8542,1.8304,1.8063,1.8253,1.8647,1.9032,1.9311,1.9251,1.9207,1.9196,1.9234,1.8985
5,0.76286,0.67573,0.64936,0.67322,0.71914,0.73751,0.72268,0.72255,0.74398,0.77046,0.8206,0.85035,0.88218,0.90192,0.8922,0.95255,0.91725,0.89607,0.91999,0.95937,1.0151,1.0275,1.045,1.0695,1.0958,1.1387,1.1661,1.1687,1.1932,1.1791,1.8542,1.8304,1.8063,1.8253,1.8647,1.9032,1.9311,1.9251,1.9207,1.9196,1.9234,1.8985,1.8674,1.83,1.8089
3,0.67322,0.71914,0.73751,0.72268,0.72255,0.74398,0.77046,0.8206,0.85035,0.88218,0.90192,0.8922,0.88194,0.85,0.86534,0.91999,0.95937,1.0151,1.0275,1.045,1.0695,1.0958,1.1387,1.1661,1.1687,1.1932,1.1791,1.1262,1.0863,1.0704,1.8253,1.8647,1.9032,1.9311,1.9251,1.9207,1.9196,1.9234,1.8985,1.8674,1.83,1.8089,1.7436,1.6957,1.7308
3,0.72268,0.72255,0.74398,0.77046,0.8206,0.85035,0.88218,0.90192,0.8922,0.88194,0.85,0.86534,0.83641,0.82522,0.85316,1.0275,1.045,1.0695,1.0958,1.1387,1.1661,1.1687,1.1932,1.1791,1.1262,1.0863,1.0704,1.0421,1.0094,0.97649,1.9311,1.9251,1.9207,1.9196,1.9234,1.8985,1.8674,1.83,1.8089,1.7436,1.6957,1.7308,1.7064,1.6788,1.6153
0,0.77046,0.8206,0.85035,0.88218,0.90192,0.8922,0.88194,0.85,0.86534,0.83641,0.82522,0.85316,0.94928,0.98558,1.0036,1.0958,1.1387,1.1661,1.1687,1.1932,1.1791,1.1262,1.0863,1.0704,1.0421,1.0094,0.97649,0.97178,0.92309,0.89519,1.9196,1.9234,1.8985,1.8674,1.83,1.8089,1.7436,1.6957,1.7308,1.7064,1.6788,1.6153,1.5603,1.5506,1.5594
1,0.88218,0.90192,0.8922,0.88194,0.85,0.86534,0.83641,0.82522,0.85316,0.94928,0.98558,1.0036,1.0477,1.1012,1.1336,1.1687,1.1932,1.1791,1.1262,1.0863,1.0704,1.0421,1.0094,0.97649,0.97178,0.92309,0.89519,0.85798,0.83214,0.82725,1.8674,1.83,1.8089,1.7436,1.6957,1.7308,1.7064,1.6788,1.6153,1.5603,1.5506,1.5594,1.5525,1.5463,1.5573
7,0.88194,0.85,0.86534,0.83641,0.82522,0.85316,0.94928,0.98558,1.0036,1.0477,1.1012,1.1336,1.1662,1.2072,1.2636,1.1262,1.0863,1.0704,1.0421,1.0094,0.97649,0.97178,0.92309,0.89519,0.85798,0.83214,0.82725,0.82584,0.86638,0.92669,1.7436,1.6957,1.7308,1.7064,1.6788,1.6153,1.5603,1.5506,1.5594,1.5525,1.5463,1.5573,1.5197,1.5264,1.5537
7,0.83641,0.82522,0.85316,0.94928,0.98558,1.0036,1.0477,1.1012,1.1336,1.1662,1.2072,1.2636,1.3264,1.3643,1.3731,1.0421,1.0094,0.97649,0.97178,0.92309,0.89519,0.85798,0.83214,0.82725,0.82584,0.86638,0.92669,0.99661,1.0163,1.036,1.7064,1.6788,1.6153,1.5603,1.5506,1.5594,1.5525,1.5463,1.5573,1.5197,1.5264,1.5537,1.5764,1.5418,1.5096
